energia_ativa_alta_tensao_kwh,cpes_domestico_alta_tensao,cpes_nao_domestico_alta_tensao,cpes_outros_alta_tensao
5891542,0,134,0
6159115,0,134,0
6360625,0,134,0
5961164,0,134,0
5272178,0,134,0
6615131,0,132,0
5674410,0,132,0
6187526,0,132,0
5652034,0,132,0
5924078,0,132,0
5252440,0,133,0
5906508,0,133,0
5357597,0,132,0
5680322,0,132,0
6098404,0,131,0
6292809,0,131,0
5732598,0,130,0
246588,0,16,0
215850,0,16,0
228321,0,16,0
239289,0,16,0
257138,0,16,0
225363,0,16,0
195666,0,16,0
197758,0,16,0
174455,0,16,0
174014,0,16,0
171164,0,16,0
184719,0,16,0
202506,0,16,0
188051,0,16,0
210530,0,16,0
229750,0,16,0
234395,0,16,0
621877,0,39,0
336901,0,39,0
274348,0,39,0
170463,0,39,0
140352,0,39,0
146673,0,38,0
146899,0,38,0
219936,0,38,0
361439,0,38,0
469632,0,38,0
593425,0,38,0
754480,0,38,0
626678,0,38,0
355796,0,38,0
263041,0,38,0
166068,0,38,0
153926,0,38,0
8327918,0,91,0
13000726,0,91,0
12996088,0,91,0
13165868,0,92,0
11079849,0,92,0
11099903,0,92,0
12307057,0,92,0
13463007,0,92,0
12027150,0,92,0
11546733,0,92,0
11218319,0,91,0
11495667,0,91,0
7835683,0,91,0
11319493,0,91,0
12653544,0,91,0
11811530,0,91,0
8871029,0,91,0
13673864,0,124,0
11752874,0,126,0
10701255,0,125,0
7788278,0,125,0
6823147,0,126,0
6641957,0,127,0
6555221,0,128,0
8322189,0,129,0
9596486,0,129,0
10724394,0,129,0
11970546,0,130,0
14138246,0,131,0
14733998,0,131,0
12398262,0,131,0
11447961,0,131,0
8050500,0,131,0
7339487,0,131,0
2810472,0,100,0
3449799,0,100,0
3988021,0,100,0
3811850,0,100,0
3399256,0,101,0
4065502,0,99,0
3614559,0,99,0
3937543,0,100,0
3553797,0,100,0
3599319,0,100,0
3619957,0,99,0
3306100,0,99,0
2696596,0,99,0
3363474,0,99,0
4037438,0,98,0
3947406,0,97,0
3287784,0,97,0
10261502,0,297,0
10750633,0,297,0
12114539,0,297,0
11742952,0,297,0
11057190,0,298,0
11873342,0,298,0
10090241,0,298,0
9784194,0,298,0
8889810,0,298,0
9545294,0,298,0
9617896,0,299,0
10033099,0,301,0
10447246,0,302,0
11630324,0,304,0
12959595,0,304,0
12406079,0,305,0
10777719,0,305,0
3325844,0,80,0
3069659,0,80,0
2867736,0,80,0
2694947,0,79,0
2596422,0,79,0
2951437,0,79,0
2671583,0,79,0
2993349,0,79,0
2819726,0,79,0
3100087,0,79,0
3103713,0,85,0
3244950,0,85,0
3348605,0,89,0
3072891,0,89,0
3176736,0,89,0
2899516,0,95,0
2705302,0,102,0
50874,0,14,0
42037,0,14,0
43201,0,14,0
46766,0,14,0
51914,0,14,0
63881,0,14,0
55807,0,14,0
50710,0,14,0
43552,0,14,0
42362,0,14,0
49807,0,14,0
55707,0,14,0
52161,0,14,0
42441,0,14,0
41652,0,14,0
45830,0,14,0
55621,0,14,0
4883543,0,146,0
3900046,0,146,0
2915258,0,146,0
2481563,0,146,0
2242207,0,146,0
2637476,0,146,0
2438315,0,147,0
2789174,0,147,0
3105930,0,147,0
3378604,0,147,0
3489903,0,148,0
4407698,0,149,0
5269836,0,150,0
4622671,0,150,0
3147809,0,148,0
2649113,0,148,0
2602765,0,148,0
12520614,0,181,0
12861812,0,180,0
12940024,0,180,0
12482668,0,179,0
12564698,0,179,0
13274643,0,182,0
11447775,0,181,0
13196064,0,182,0
12125816,0,182,0
12742307,0,182,0
12944518,0,183,0
14516812,0,183,0
14094080,0,184,0
14668338,0,184,0
15084669,0,184,0
14761267,0,184,0
13349544,0,185,0
88363,0,16,0
103964,0,16,0
112291,0,16,0
132017,0,16,0
152452,0,17,0
125304,0,17,0
103167,0,16,0
110029,0,16,0
89077,0,16,0
83498,0,16,0
79414,0,16,0
76701,0,16,0
74596,0,16,0
82621,0,16,0
103085,0,16,0
167598,0,16,0
218642,0,16,0
853237,0,45,0
1006906,0,45,0
675188,0,45,0
526017,0,45,0
501989,0,45,0
536596,0,46,0
465619,0,46,0
509682,0,46,0
482878,0,46,0
545522,0,46,0
590486,0,46,0
669772,0,46,0
874761,0,46,0
1025857,0,46,0
676013,0,46,0
544703,0,46,0
564895,0,46,0
240255,0,18,0
216090,0,18,0
222572,0,19,0
210823,0,19,0
210975,0,19,0
174078,0,19,0
191019,0,19,0
214491,0,19,0
213575,0,19,0
220522,0,19,0
223662,0,19,0
242211,0,19,0
268408,0,19,0
241027,0,19,0
240595,0,20,0
223689,0,20,0
235233,0,20,0
14982740,0,61,0
15586892,0,61,0
14999179,0,61,0
15339113,0,61,0
14563686,0,61,0
14887996,0,61,0
14382109,0,61,0
16253851,0,61,0
16913354,0,61,0
17990129,0,61,0
13325907,0,63,0
18656982,0,64,0
17363158,0,66,0
15431437,0,66,0
15601914,0,66,0
14139751,0,66,0
14280745,0,66,0
15233759,0,130,0
13465518,0,130,0
13129118,0,130,0
12854437,0,132,0
14042057,0,133,0
14113759,0,133,0
13154489,0,134,0
13608758,0,132,0
12561456,0,132,0
13780463,0,132,0
13643200,0,131,0
14012158,0,131,0
15129317,0,131,0
13236820,0,131,0
12838982,0,131,0
11196092,0,130,0
14037336,0,130,0
199005,0,37,0
166816,0,37,0
178631,0,37,0
196239,0,37,0
205717,0,37,0
211282,0,37,0
184682,0,37,0
174068,0,37,0
163121,0,37,0
176946,0,37,0
181261,0,37,0
199573,0,37,0
198488,0,37,0
171614,0,37,0
186567,0,37,0
178513,0,37,0
180035,0,37,0
3429306,0,66,0
2650660,0,66,0
1807243,0,66,0
1552027,0,66,0
1418894,0,66,0
1505746,0,66,0
1376174,0,66,0
1577489,0,66,0
1580686,0,66,0
2038844,0,66,0
2328393,0,67,0
2916900,0,67,0
3459139,0,66,0
2568001,0,66,0
1730180,0,66,0
1486721,0,66,0
1439763,0,66,0
313319,0,20,0
282811,0,20,0
274532,0,20,0
262509,0,20,0
269561,0,20,0
270797,0,20,0
246768,0,20,0
260507,0,20,0
275392,0,20,0
290012,0,20,0
295585,0,20,0
332950,0,19,0
348028,0,19,0
290181,0,19,0
288351,0,19,0
260568,0,19,0
274256,0,19,0
3013042,0,50,0
2810578,0,50,0
1934622,0,51,0
1999890,0,51,0
2018465,0,51,0
1677719,0,51,0
956977,0,51,0
1104206,0,50,0
1291676,0,50,0
2274726,0,50,0
2394656,0,50,0
2631148,0,50,0
2881766,0,51,0
2503724,0,51,0
2006964,0,51,0
2079852,0,51,0
1710670,0,51,0
335418,0,27,0
284430,0,27,0
268508,0,27,0
278901,0,27,0
351229,0,27,0
274850,0,27,0
279454,0,27,0
307959,0,27,0
293745,0,27,0
284899,0,27,0
280727,0,27,0
325422,0,27,0
304500,0,27,0
258393,0,27,0
257105,0,27,0
256630,0,27,0
292759,0,27,0
140771,0,16,0
147236,0,16,0
157841,0,16,0
154140,0,16,0
155369,0,16,0
168463,0,17,0
135302,0,17,0
156560,0,17,0
152957,0,17,0
168364,0,17,0
165780,0,17,0
167849,0,17,0
166389,0,17,0
174871,0,17,0
180352,0,17,0
171844,0,17,0
176524,0,17,0
735138,0,33,0
539029,0,33,0
417393,0,33,0
452614,0,33,0
412734,0,33,0
289935,0,33,0
400328,0,34,0
534734,0,35,0
577884,0,35,0
603754,0,35,0
797352,0,41,0
991232,0,43,0
808603,0,43,0
765940,0,44,0
619664,0,44,0
444812,0,44,0
365062,0,44,0
19978619,0,133,0
19215277,0,133,0
19114265,0,133,0
18224446,0,133,0
18577550,0,133,0
18858195,0,133,0
16691214,0,133,0
18317944,0,133,0
17369949,0,133,0
19079612,0,133,0
18911451,0,133,0
19872872,0,133,0
20051807,0,133,0
19019261,0,133,0
19376605,0,133,0
18152991,0,133,0
18189022,0,133,0
2445344,0,119,0
2183260,0,119,0
2367167,0,119,0
2296461,0,119,0
2313503,0,121,0
2503744,0,121,0
2207543,0,122,0
2384466,0,122,0
2074550,0,123,0
2265956,0,123,0
2304294,0,123,0
2361393,0,123,0
2312408,0,124,0
2186736,0,124,0
2414674,0,126,0
2410418,0,126,0
2310272,0,126,0
989995,0,34,0
973499,0,34,0
979224,0,34,0
889949,0,34,0
889410,0,34,0
1018056,0,34,0
932041,0,34,0
1020964,0,35,0
923672,0,35,0
942914,0,35,0
914817,0,36,0
903450,0,36,0
855043,0,36,0
871580,0,36,0
975975,0,36,0
950062,0,36,0
913669,0,36,0
6257324,0,120,0
6800294,0,120,0
6845376,0,120,0
6466860,0,119,0
6289274,0,119,0
6646072,0,119,0
5834129,0,120,0
6337156,0,120,0
5356645,0,120,0
5892187,0,120,0
5713022,0,120,0
5321412,1,120,0
4532154,1,120,0
5385656,1,120,0
5764930,1,120,0
5630956,1,120,0
4676598,1,120,0
1209272,0,57,0
1539566,0,57,0
1649161,0,57,0
1555155,0,57,0
1126187,0,57,0
1608040,0,57,0
1532873,0,58,0
1571387,0,58,0
1380533,0,58,0
1239659,0,58,0
986440,0,57,0
1104666,0,57,0
1130046,0,57,0
1464254,0,57,0
1553979,0,57,0
1525336,0,57,0
922646,0,57,0
3568312,0,43,0
4735630,0,43,0
4688454,0,43,0
4484348,0,43,0
4179265,0,43,0
4392062,0,43,0
4315332,0,43,0
4854863,0,43,0
4144902,0,43,0
4356101,0,43,0
4470688,0,43,0
4309715,0,43,0
3523646,0,43,0
4801253,0,43,0
4744741,0,43,0
4526434,0,44,0
4094351,0,44,0
2622194,0,34,0
2480375,0,35,0
2612863,0,35,0
2406747,0,35,0
2291525,0,35,0
2362580,0,34,0
2227851,0,34,0
2444494,0,34,0
2424483,0,34,0
2681316,0,34,0
1775950,0,34,0
1766389,0,34,0
1756085,0,33,0
2453708,0,33,0
2251631,0,33,0
2564689,0,33,0
2428294,0,34,0
697018,0,39,0
674518,0,39,0
743596,0,39,0
676377,0,39,0
678614,0,39,0
666757,0,39,0
573619,0,39,0
567053,0,39,0
506473,0,39,0
503682,0,39,0
517872,0,39,0
551037,0,39,0
634613,0,39,0
779758,0,39,0
985679,0,39,0
915794,0,39,0
923030,0,40,0
828981,0,60,0
999325,0,60,0
1083008,0,60,0
1059302,0,60,0
874238,0,60,0
1169731,0,60,0
1045751,0,61,0
1044891,0,61,0
906949,0,61,0
926138,0,61,0
979817,0,60,0
867422,0,59,0
759805,0,59,0
913370,0,59,0
1064380,0,59,0
1091146,0,59,0
965571,0,59,0
773398,0,59,0
660211,0,59,0
600446,0,59,0
556587,0,59,0
601384,0,59,0
631410,0,58,0
554541,0,59,0
599128,0,59,0
561569,0,59,0
615875,0,59,0
669026,0,61,0
841112,0,61,0
850957,0,61,0
691611,0,61,0
664828,0,62,0
625901,0,62,0
643760,0,62,0
18084,0,12,0
14408,0,12,0
15183,0,12,0
18137,0,11,0
14829,0,11,0
13056,0,11,0
13070,0,11,0
13750,0,11,0
21245,0,11,0
22600,0,11,0
21261,0,11,0
24753,0,11,0
19445,0,11,0
16435,0,11,0
16778,0,11,0
19079,0,11,0
15924,0,11,0
854523,0,35,0
825129,0,35,0
846836,0,35,0
815495,0,35,0
833257,0,35,0
818301,0,35,0
694571,0,36,0
714166,0,36,0
739249,0,36,0
780753,0,36,0
808977,0,37,0
822112,0,37,0
850061,0,38,0
847322,0,38,0
935476,0,38,0
894922,0,38,0
892413,0,38,0
40401382,0,250,8
50237966,0,250,0
46124512,0,250,0
51197763,0,251,0
46980266,0,252,0
51311340,0,252,0
45580631,0,253,0
53128383,0,252,0
47188950,0,252,0
49633924,0,252,0
46426421,0,252,0
47430388,0,252,0
38902557,0,253,0
50493157,0,253,0
52552792,0,254,0
44727805,0,254,0
45536283,0,254,0
3972386,0,71,0
3372101,0,71,0
1704286,0,71,0
1546816,0,71,0
1700199,0,71,0
1292003,0,71,0
932085,0,71,0
1630261,0,71,0
2035436,0,71,0
3285005,0,71,0
3455828,0,71,0
3506378,0,71,0
4174985,0,71,0
3333369,0,71,0
2175448,0,71,0
1362450,0,71,0
1185985,0,71,0
12178856,0,133,0
11195992,0,134,0
10115215,0,134,0
9080574,0,134,0
8797902,0,134,0
9107586,0,134,0
8502858,0,134,0
9102222,0,135,0
8624420,0,135,0
9226103,0,135,0
9333365,0,136,0
10856483,0,136,0
12361266,0,136,0
11108599,0,137,0
10219832,0,137,0
9453122,0,137,0
8786362,0,137,0
393434,0,26,0
377909,0,26,0
374183,0,26,0
351657,0,26,0
375654,0,26,0
413169,0,26,0
365654,0,26,0
396938,0,25,0
345051,0,25,0
370115,0,25,0
391942,0,26,0
374529,0,26,0
354951,0,25,0
371507,0,25,0
387899,0,25,0
383122,0,25,0
410072,0,25,0
13911853,0,375,20
15756410,0,375,20
17797094,0,377,20
17030375,0,376,20
15793823,0,376,20
17688974,0,377,20
15258365,0,377,20
17001187,0,376,20
14782997,0,376,20
15167757,0,376,20
15468749,0,377,0
16059173,0,378,0
13256225,0,378,0
14676647,0,378,0
17897896,0,381,0
17789707,0,381,0
15902168,0,382,0
171228,0,10,0
139077,0,10,0
136425,0,10,0
122134,0,10,0
121784,0,10,0
128589,0,10,0
120616,0,10,0
135547,0,10,0
140506,0,10,0
160200,0,10,0
170153,0,10,0
189066,0,10,0
178301,0,10,0
153191,0,10,0
141641,0,10,0
120165,0,10,0
122138,0,10,0
7993233,0,66,0
7438074,0,66,0
7241283,0,66,0
7067506,0,66,0
6450806,0,66,0
6764526,0,66,0
6284611,0,67,0
6419083,0,65,0
6045651,0,65,0
6334343,0,65,0
6933872,0,65,0
7149953,0,65,0
6599635,0,65,0
6892547,0,65,0
7335027,0,65,0
6925637,0,65,0
6384714,0,65,0
3458758,0,98,0
3910120,0,99,0
4317816,0,99,0
4303212,0,99,0
3680323,0,99,0
4228975,0,99,0
3730842,0,99,0
4116101,0,99,0
3569314,0,99,0
3650113,0,99,0
3655777,0,99,0
3637432,0,99,0
3038855,0,99,0
3711713,0,99,0
4144315,0,99,0
3976897,0,100,0
3466424,0,100,0
39961829,0,218,0
30651707,0,218,0
32736433,0,218,0
33099119,0,218,0
32923169,0,217,0
30234952,0,217,0
29402116,0,217,0
34406368,0,217,0
34680160,0,217,0
8923139,0,217,0
38732345,0,220,0
41762818,0,220,0
41849213,0,220,0
36876287,0,220,0
37530373,0,220,0
35939907,0,223,0
35859585,0,223,0
138818,0,15,0
136934,0,15,0
138049,0,15,0
136863,0,15,0
143500,0,15,0
150363,0,15,0
131860,0,15,0
134347,0,15,0
122842,0,15,0
132461,0,15,0
140567,0,15,0
145956,0,15,0
142517,0,15,0
128679,0,15,0
142095,0,15,0
128503,0,15,0
122777,0,15,0
11429914,0,226,0
10659885,0,226,0
8009664,0,227,0
5793995,0,228,0
5371553,0,228,0
5759677,0,226,0
5419903,0,225,0
6068122,0,225,0
5772525,0,225,0
6598687,0,225,0
7025099,0,226,0
9117053,0,227,0
12918286,0,227,0
11932203,0,227,0
7622503,0,227,0
5668959,0,226,0
5523967,0,227,0
2354920,0,60,0
2683863,0,60,0
2468334,0,60,0
2086711,0,60,0
2003419,0,60,0
1710345,0,60,0
1349148,0,60,0
1291760,0,60,0
1132057,0,60,0
1046524,0,60,0
1066640,0,59,0
1101363,0,59,0
2277941,0,59,0
2559627,0,59,0
2424928,0,59,0
2101086,0,59,0
1957206,0,59,0
626715,0,51,0
726631,0,51,0
647602,0,51,0
592768,0,52,0
631820,0,52,0
726055,0,52,0
638999,0,52,0
634351,0,52,0
559322,0,52,0
629636,0,52,0
608508,0,50,0
670128,0,50,0
705193,0,51,0
744809,0,51,0
603736,0,50,0
550973,0,50,0
549899,0,50,0
504254,0,25,0
591503,0,25,0
606789,0,25,0
536442,0,25,0
417271,0,25,0
589583,0,25,0
572556,0,25,0
674220,0,25,0
574462,0,25,0
654576,0,25,0
660288,0,25,0
616252,0,26,0
490786,0,26,0
594439,0,26,0
602701,0,26,0
574764,0,26,0
434521,0,26,0
26398899,0,377,0
26739301,0,375,0
27845156,0,375,0
27085896,0,375,0
24897311,0,377,0
28640679,0,377,0
25648455,0,379,0
27861417,0,379,0
24825111,0,379,0
27273443,0,379,0
27987495,0,378,0
29004590,0,379,0
25975351,0,379,0
27377049,0,380,0
29524098,0,381,0
28427171,0,381,0
25954688,0,381,0
3762428,0,88,0
3460728,0,88,0
3655529,0,89,0
4039106,0,89,0
4135006,0,89,0
4428239,0,89,0
3808239,0,89,0
3858738,0,89,0
3275528,0,89,0
3523420,0,89,0
3684733,0,89,0
3956257,0,90,0
3839470,0,91,0
3622073,0,91,0
3983391,0,91,0
4339657,0,91,0
4443321,0,91,0
293117,0,24,0
257649,0,24,0
263069,0,24,0
267206,0,24,0
263374,0,24,0
279485,0,24,0
248313,0,24,0
268615,0,24,0
236619,0,24,0
241529,0,24,0
305117,0,25,0
353703,0,25,0
356803,0,25,0
316436,0,25,0
328052,0,25,0
314496,0,25,0
330933,0,25,0
1763254,0,42,0
2601308,0,42,0
2269061,0,42,0
1872987,0,42,0
1669223,0,42,0
1444233,0,42,0
1131401,0,42,0
1057042,0,42,0
857431,0,42,0
747736,0,42,0
659848,0,42,0
851052,0,42,0
1630095,0,42,0
2206997,0,42,0
1992433,0,42,0
1683393,0,42,0
1466585,0,42,0
6094987,0,156,0
6461906,0,156,0
6329524,0,157,0
6012114,0,157,0
5607586,0,157,0
6289360,0,157,0
5502436,0,157,0
5937526,0,157,0
5225545,0,157,0
5594168,0,157,0
5735160,0,159,0
5843542,0,159,0
6046892,0,159,0
6254379,0,159,0
6433278,0,159,0
6188643,0,160,0
5581286,0,160,0
304707,0,24,0
254412,0,24,0
227937,0,24,0
223898,0,24,0
243706,0,24,0
256882,0,24,0
233272,0,24,0
229132,0,24,0
213597,0,24,0
218667,0,24,0
224398,0,24,0
278266,0,24,0
293785,0,24,0
254692,0,24,0
235891,0,24,0
248953,0,24,0
279236,0,24,0
3104717,0,46,0
2878961,0,46,0
2641363,0,46,0
2629708,0,46,0
2232046,0,46,0
2700477,0,46,0
2312230,0,46,0
2637656,0,46,0
2352329,0,46,0
2907499,0,46,0
3020824,0,46,0
3286240,0,46,0
2858751,0,46,0
2748381,0,46,0
2679337,0,46,0
2608743,0,46,0
2214921,0,45,0
10552142,0,118,0
12317089,0,118,0
12597128,0,118,0
11972109,0,118,0
10937480,0,128,0
12048771,0,128,0
11501166,0,128,0
12491504,0,128,0
10438945,0,128,0
10764534,0,128,0
10751460,0,128,0
10972134,0,130,0
7971152,0,129,0
10889274,0,129,0
11998606,0,130,0
11920513,0,131,0
9744259,0,131,0
0,0,0,0
0,0,0,0
0,0,0,0
0,0,0,0
0,0,0,0
0,0,0,0
0,0,0,0
0,0,0,0
0,0,0,0
0,0,0,0
0,0,0,0
0,0,0,0
0,0,0,0
0,0,0,0
0,0,0,0
0,0,0,0
0,0,0,0
1025417,0,32,0
1069442,0,33,0
1060253,0,33,0
1067639,0,33,0
934838,0,33,0
1202516,0,33,0
1062743,0,33,0
1103301,0,34,0
940238,0,34,0
979585,0,34,0
1011664,0,34,0
990589,0,34,0
812435,0,34,0
844717,0,34,0
1064798,0,35,0
1107590,0,35,0
936863,0,35,0
5451516,0,96,0
4807715,0,96,0
3804500,0,96,0
3431691,0,96,0
3078009,0,96,0
3427253,0,96,0
3295148,0,96,0
3452616,0,96,0
3595643,0,96,0
3837270,0,96,0
3889062,0,97,0
4887627,0,97,0
5989129,0,96,0
4841599,0,95,0
3631853,0,95,0
3317759,0,95,0
2956361,0,95,0
12828107,0,210,0
12768246,0,211,0
12443059,0,211,0
11634891,0,212,0
11646183,0,212,0
11856935,0,212,0
10661796,0,212,0
11529069,0,212,0
11166440,0,212,0
12245239,0,212,0
12701681,0,212,0
13052416,0,213,0
13510882,0,215,0
12873805,0,215,0
13146377,0,215,0
11801625,0,215,0
11824223,0,215,0
253151,0,9,0
324717,0,9,0
331358,0,9,0
262848,0,9,0
211984,0,9,0
254728,0,9,0
217493,0,8,0
286653,0,8,0
261209,0,8,0
318372,0,8,0
324242,0,8,0
319842,0,8,0
220176,0,8,0
315362,0,8,0
328188,0,8,0
274491,0,8,0
261011,0,8,0
7934890,0,139,0
7563910,0,140,0
7459378,0,140,0
7243756,0,141,0
7168194,0,141,0
7990950,0,141,0
6993474,0,141,0
7176521,0,142,0
6386159,0,142,0
6718217,0,142,0
7207098,0,142,0
7868982,0,142,0
7476026,0,142,0
7089553,0,142,0
7588853,0,144,0
7430077,0,144,0
7196401,0,144,0
1378532,0,34,0
1321921,0,34,0
1602580,0,34,0
1441571,0,34,0
1383055,0,34,0
1486601,0,34,0
1343995,0,34,0
1416397,0,34,0
1378221,0,34,0
1481550,0,34,0
1486374,0,33,0
1539348,0,33,0
1547505,0,33,0
1507990,0,33,0
1357227,0,33,0
1435299,0,34,0
1462382,0,34,0
732241,0,15,0
600256,0,15,0
488365,0,15,0
335037,0,15,0
424829,0,15,0
430613,0,15,0
419809,0,15,0
539795,0,15,0
549950,0,15,0
590905,0,15,0
605317,0,15,0
706323,0,15,0
689875,0,15,0
559144,0,15,0
562440,0,15,0
510815,0,15,0
535482,0,16,0
2786875,0,40,0
2187369,0,40,0
1824004,0,40,0
1252427,0,39,0
1046798,0,39,0
1265232,0,39,0
1199391,0,39,0
1458766,0,39,0
1990642,0,39,0
2294819,0,39,0
2423221,0,41,0
3033210,0,41,0
3236959,0,41,0
2638010,0,41,0
2038420,0,41,0
1608624,0,41,0
1654274,0,41,0
318544,0,31,0
301456,0,31,0
316532,0,31,0
306968,0,31,0
336609,0,31,0
355139,0,31,0
311410,0,31,0
327231,0,31,0
303534,0,31,0
25681111,0,31,0
329735,0,32,0
365216,0,32,0
416266,0,32,0
356105,0,32,0
381504,0,32,0
369302,0,32,0
349539,0,32,0
272152,0,25,0
245270,0,25,0
266110,0,25,0
247386,0,25,0
266597,0,25,0
253008,0,25,0
221571,0,25,0
240936,0,25,0
232117,0,25,0
247971,0,25,0
290793,0,25,0
286316,0,25,0
287253,0,25,0
271730,0,26,0
264720,0,26,0
274015,0,26,0
292970,0,26,0
674795,0,32,0
946213,0,32,0
1263997,0,32,0
1242903,0,32,0
986455,0,33,0
1196846,0,33,0
1172602,0,33,0
1184311,0,33,0
985354,0,33,0
1067039,0,33,0
1114199,0,34,0
1151479,0,33,0
834770,0,33,0
1031825,0,33,0
1401594,0,33,0
1379983,0,33,0
1064549,0,33,0
3408814,0,76,0
2635067,0,76,0
2620707,0,76,0
2701637,0,76,0
2422387,0,76,0
2636654,0,75,0
2410291,0,76,0
2724000,0,76,0
2949537,0,76,0
3421231,0,76,0
3416273,0,75,0
4026998,0,75,0
3730786,0,75,0
2974198,0,75,0
2993204,0,75,0
2430730,0,75,0
2264274,0,75,0
3941907,0,100,0
3445136,0,100,0
3473551,0,100,0
3268335,0,100,0
3264760,0,100,0
3471613,0,100,0
3234100,0,100,0
3342380,0,101,0
3096298,0,101,0
2881350,0,101,0
3415068,0,101,0
3750390,0,102,0
3840181,0,103,0
3464303,0,103,0
3547368,0,103,0
3417852,0,103,0
3316151,0,103,0
297101,0,32,0
240591,0,32,0
297941,0,32,0
181176,0,32,0
126721,0,32,0
146768,0,32,0
138181,0,32,0
179424,0,31,0
204421,0,31,0
258256,0,31,0
296325,0,31,0
293657,0,31,0
281482,0,31,0
295130,0,31,0
199560,0,31,0
139173,0,31,0
177363,0,31,0
31181312,0,278,0
24740596,0,277,0
29439783,0,278,0
30239214,0,278,0
28307227,0,278,0
24317711,0,279,0
29094555,0,280,0
30716011,0,279,0
23554159,0,279,0
26351527,0,279,0
32791839,0,280,0
32949179,0,280,0
31508792,0,290,0
28095974,0,289,0
32339957,0,289,0
31022578,0,289,0
26466831,0,289,0
1367441,0,36,0
1848930,0,36,0
1845367,0,36,0
1838067,0,36,0
1692499,0,36,0
1833341,0,36,0
2042588,0,36,0
2546572,0,36,0
2306824,0,36,0
2383386,0,36,0
2135267,0,36,0
1819676,0,36,0
1416196,0,36,0
1902870,0,36,0
2027029,0,36,0
1961106,0,36,0
1267686,0,36,0
6730921,0,21,0
6550885,0,21,0
6348669,0,21,0
6234726,0,21,0
4664377,0,21,0
6701634,0,21,0
2393041,0,20,0
2530029,0,20,0
2527341,0,20,0
2684292,0,20,0
2927283,0,20,0
3007288,0,19,0
2941476,0,19,0
2703636,0,19,0
2563002,0,19,0
2455225,0,19,0
2688863,0,20,0
4902465,0,154,0
5363294,0,154,0
5234990,0,154,0
5028425,0,155,0
3997536,0,155,0
5149523,0,155,0
4867112,0,154,0
5206132,0,154,0
4621108,0,154,0
5215291,0,154,0
5326115,0,158,0
6290728,0,158,0
4871764,0,159,0
5307319,0,159,0
5041791,0,161,0
4957310,0,161,0
4006105,0,161,0
7083776,0,134,12
7595315,0,134,4
7537668,0,134,4
7643787,0,134,4
7470457,0,134,4
8244009,0,134,4
7180170,0,135,4
7822310,0,135,4
6964487,0,134,4
7738292,0,134,4
8051063,0,134,0
8671013,0,134,0
7715284,0,134,0
8488905,0,134,0
8577962,0,134,0
8643798,0,134,0
7841762,0,134,0
171890,0,22,0
138941,0,22,0
164448,0,22,0
151856,0,22,0
148168,0,22,0
166398,0,22,0
138604,0,22,0
147779,0,22,0
114396,0,22,0
113541,0,22,0
130438,0,22,0
146750,0,22,0
132461,0,22,0
97855,0,22,0
86837,0,22,0
171384,0,22,0
175253,0,22,0
1100922,0,27,0
700616,0,27,0
555282,0,27,0
410683,0,27,0
349624,0,27,0
248810,0,27,0
226383,0,27,0
340383,0,27,0
614315,0,27,0
703883,0,27,0
903492,0,28,0
1076939,0,29,0
978335,0,29,0
641451,0,29,0
500101,0,29,0
357991,0,30,0
364236,0,30,0
2487497,0,128,0
1968221,0,128,0
1595776,0,128,0
1376261,0,129,0
1444994,0,129,0
1406781,0,131,0
1272982,0,135,0
1374993,0,135,0
1534398,0,135,0
1727377,0,135,0
1858357,0,135,0
2513343,0,135,0
2539321,0,135,0
2006196,0,136,0
1766413,0,136,0
1497834,0,138,0
1475354,0,137,0
3137830,0,35,0
3104997,0,35,0
3104877,0,35,0
3030809,0,35,0
2948315,0,35,0
3119908,0,34,0
2677273,0,34,0
2988106,0,34,0
2578520,0,34,0
2939324,0,34,0
2825864,0,34,0
2995258,0,35,0
3262643,0,35,0
3055502,0,35,0
3202315,0,35,0
3091688,0,35,0
3129410,0,35,0
1899521,0,41,0
2206854,0,41,0
2370053,0,41,0
2327846,0,41,0
2218827,0,41,0
2304892,0,41,0
2138471,0,41,0
2402942,0,41,0
1990624,0,41,0
1998753,0,41,0
1943378,0,41,0
2000257,0,41,0
1854895,0,41,0
2192446,0,41,0
2307100,0,41,0
2080920,0,41,0
2001548,0,41,0
2644549,0,57,0
2602765,0,57,0
2841411,0,57,0
2759777,0,57,0
2440889,0,57,0
2942857,0,57,0
2665914,0,57,0
2809066,0,57,0
2489297,0,57,0
2796794,0,57,0
2712085,0,57,0
2807809,0,57,0
2662925,0,57,0
2631583,0,57,0
2804992,0,57,0
2734299,0,57,0
2487284,0,57,0
52346120,0,80,0
53803214,0,80,0
55948194,0,80,0
52394545,0,80,0
45385189,0,80,0
50833500,0,80,0
46458783,0,80,0
51881039,0,80,0
49719711,0,80,0
52706696,0,80,0
49237733,0,80,0
52865691,0,80,0
51167017,0,80,0
43576536,0,80,0
45309119,0,80,0
47091260,0,80,0
49413102,0,81,0
1571209,0,72,0
1355644,0,72,0
1275130,0,72,0
1121355,0,71,0
1157693,0,71,0
1127078,0,71,0
1034665,0,71,0
1089425,0,71,0
1120815,0,71,0
1261215,0,71,0
1449607,0,71,0
1670003,0,72,0
1669818,0,72,0
1366829,0,72,0
1338106,0,72,0
1117252,0,72,0
1170701,0,72,0
3424371,0,78,0
3474588,0,79,0
4106472,0,79,0
3997793,0,79,0
3454365,0,79,0
4361424,0,79,0
4018707,0,79,0
4404472,0,79,0
3903087,0,79,0
4367529,0,79,0
4682206,0,80,0
4761957,0,80,0
3637675,0,80,0
3728553,0,81,0
4222442,0,81,0
3839898,0,81,0
3343889,0,82,0
7552178,0,111,0
6761553,0,111,0
6657615,0,111,0
5772723,0,111,0
5771965,0,111,0
5842641,0,111,0
5191794,0,111,0
5545666,0,111,0
5614911,0,111,0
6247620,0,111,0
6891066,0,111,0
8112604,0,111,0
8158492,0,111,0
7126340,0,111,0
7058047,0,112,0
5887015,0,112,0
5680572,0,112,0
4743942,0,238,0
5081121,0,238,0
6302333,0,238,0
6186392,0,238,0
5439503,0,238,0
6857163,0,239,0
5828873,0,238,0
6206974,0,238,0
5342672,0,238,0
5568875,0,238,0
5470610,0,239,0
5588227,0,239,0
4289719,0,239,0
4726031,0,241,0
5887288,0,241,0
5902494,0,241,0
5233906,0,241,0
4817643,0,120,0
3089289,0,120,0
3661078,0,121,0
4240032,0,121,0
2755905,0,120,0
2220593,0,120,0
2263667,0,119,0
2793134,0,120,0
3345581,0,120,0
4030823,0,120,0
4189577,0,119,0
5098054,0,119,0
4312926,0,119,0
3014562,0,119,0
3401020,0,119,0
4757378,0,120,0
3665704,0,120,0
2092002,0,39,0
1970162,0,39,0
2063997,0,39,0
1950469,0,39,0
1923178,0,39,0
1837255,0,39,0
1567113,0,39,0
1771892,0,39,0
1689216,0,39,0
1996965,0,39,0
1985342,0,39,0
2034308,0,39,0
2093740,0,39,0
1956086,0,39,0
2111227,0,39,0
1895450,0,39,0
1797521,0,40,0
75252420,0,149,0
67306480,0,149,0
70068136,0,149,0
59789922,0,149,0
71484504,0,149,0
67483789,0,149,0
60203181,0,150,0
68236853,0,151,0
63955794,0,151,0
67134121,0,151,0
65516873,0,152,0
64544966,0,151,0
63747861,0,151,0
61600078,0,151,0
67266096,0,151,0
61581629,0,151,0
65045846,0,151,0
137972,0,22,0
149031,0,22,0
151371,0,22,0
105778,0,22,0
98500,0,22,0
116269,0,22,0
100424,0,22,0
95174,0,22,0
90247,0,22,0
102450,0,22,0
106285,0,22,0
144742,0,22,0
156281,0,22,0
198197,0,22,0
186928,0,22,0
119998,0,22,0
116689,0,22,0
45433,0,10,0
53122,0,11,0
57598,0,11,0
69205,0,11,0
63222,0,11,0
67955,0,11,0
52437,0,11,0
62498,0,11,0
48563,0,11,0
57057,0,11,0
57533,0,10,0
40311,0,10,0
152863,0,11,0
148483,0,11,0
183236,0,11,0
236858,0,11,0
321990,0,11,0
152351,0,15,0
122796,0,16,0
115656,0,16,0
111491,0,16,0
117421,0,16,0
123933,0,16,0
124272,0,16,0
129278,0,16,0
115238,0,16,0
125941,0,16,0
127933,0,16,0
149800,0,16,0
161893,0,16,0
125580,0,16,0
127777,0,16,0
125071,0,16,0
137902,0,16,0
167064,0,27,0
140882,0,27,0
117073,0,27,0
95437,0,33,0
92869,0,33,0
86428,0,33,0
86221,0,33,0
92583,0,33,0
123380,0,33,0
166038,0,33,0
164876,0,32,0
164731,0,31,0
154860,0,31,0
135530,0,31,0
129509,0,31,0
90635,0,31,0
80927,0,31,0
2548868,0,103,0
2486620,0,103,0
2569901,0,101,0
2429330,0,101,0
2351234,0,101,0
2451236,0,101,0
2210455,0,101,0
2359486,0,101,0
2114210,0,102,0
2245402,0,102,0
2346151,0,102,0
2369293,0,102,0
2366690,0,103,0
2411929,0,103,0
2588025,0,103,0
2504913,0,103,0
2356670,0,104,0
116275,0,13,0
128453,0,13,0
115324,0,13,0
139031,0,13,0
107857,0,13,0
168059,0,13,0
125662,0,13,0
114347,0,13,0
102878,0,13,0
124018,0,13,0
149923,0,13,0
89194,0,13,0
87601,0,13,0
67898,0,13,0
87117,0,13,0
153580,0,13,0
153977,0,13,0
1255447,0,33,0
930461,0,33,0
809382,0,33,0
742269,0,33,0
713553,0,33,0
808868,0,33,0
725971,0,33,0
784336,0,33,0
834847,0,33,0
991379,0,33,0
1122092,0,33,0
1318123,0,33,0
1161208,0,33,0
882395,0,33,0
814864,0,33,0
754373,0,33,0
753354,0,33,0
9361784,0,164,0
8291291,0,165,0
7996818,0,165,0
8156835,0,166,0
8408615,0,165,0
9153245,0,165,0
7552178,0,166,0
8949980,0,166,0
8308101,0,166,0
8574935,0,166,0
8426155,0,166,0
8688621,0,166,0
9100717,0,167,0
8307302,0,167,0
9410573,0,168,0
8588756,0,167,0
8877769,0,167,0
572493,0,46,0
607760,0,46,0
610883,0,46,0
563187,0,46,0
517035,0,46,0
587945,0,46,0
549270,0,46,0
620628,0,46,0
578100,0,46,0
645122,0,46,0
659098,0,46,0
606807,0,46,0
592788,0,46,0
629689,0,46,0
632982,0,46,0
565093,0,46,0
564574,0,46,0
2757924,0,88,0
2441967,0,88,0
2132071,0,88,0
1750261,0,88,0
1713960,0,89,0
1962222,0,89,0
1876921,0,89,0
1953268,0,89,0
2029771,0,89,0
2318780,0,89,0
2573530,0,88,0
2940510,0,88,0
2999121,0,89,0
2523266,0,89,0
2309651,0,92,0
1997222,0,92,0
2068762,0,93,0
8666011,0,141,0
8308629,0,141,0
9100460,0,141,0
9187281,0,141,0
8797734,0,141,0
9894982,0,141,0
8593379,0,141,0
9341755,0,141,0
8350557,0,141,0
9014785,0,141,0
9094571,0,140,0
9117993,0,140,0
9031577,0,140,0
8786620,0,139,0
9134888,0,138,0
8791618,0,138,0
7802779,0,137,0
27293868,0,567,17
32405739,0,568,17
35968610,0,569,17
35672138,0,570,17
31305988,0,569,17
37252906,0,570,17
33453470,0,569,17
38887776,0,570,17
34058725,0,570,17
37055869,0,570,17
36212047,0,575,0
35408889,0,575,0
26082386,0,577,0
29772645,0,578,0
34843343,0,579,0
35512192,0,580,0
30716693,0,580,0
41933,0,12,0
38593,0,12,0
42499,0,12,0
42202,0,12,0
43874,0,12,0
57075,0,12,0
49359,0,13,0
57355,0,13,0
44723,0,13,0
43618,0,13,0
44602,0,13,0
36246,0,13,0
38519,0,13,0
43022,0,13,0
47291,0,13,0
48413,0,13,0
61407,0,13,0
1141007,0,71,0
710046,0,71,0
469357,0,72,0
289676,0,73,0
296485,0,72,0
305145,0,72,0
290961,0,72,0
403403,0,72,0
700914,0,72,0
886134,0,72,0
959140,0,74,0
1483654,0,76,0
1243774,0,76,0
730863,0,76,0
544768,0,77,0
331438,0,77,0
339915,0,75,0
4397970,0,76,0
3775090,0,76,0
3362080,0,76,0
2624715,0,76,0
2342367,0,77,0
2500355,0,77,0
2464099,0,77,0
2885577,0,78,0
3157834,0,78,0
3539715,0,78,0
3828701,0,79,0
4463655,0,79,0
4583361,0,79,0
3867898,0,79,0
3505627,0,79,0
2790711,0,79,0
2651069,0,79,0
4031627,0,73,0
3599851,0,73,0
3442034,0,72,0
2723515,0,72,0
2575501,0,72,0
2665257,0,72,0
2473637,0,72,0
2804760,0,72,0
2884687,0,72,0
3286150,0,72,0
3608374,0,72,0
4106121,0,72,0
4411006,0,72,0
3885385,0,72,0
3712343,0,72,0
3019620,0,72,0
2829774,0,72,0
2445560,0,90,0
2402968,0,90,0
2288914,0,90,0
2122257,0,90,0
2188907,0,90,0
2173721,0,89,0
1856922,0,89,0
1945325,0,89,0
1757932,0,89,0
1887276,0,89,0
1995728,0,89,0
2106075,0,89,0
2425623,0,90,0
2543942,0,90,0
2515986,0,90,0
2344948,0,91,0
2399009,0,91,0
28229642,0,480,0
31002789,0,480,0
32625698,0,480,0
32551309,0,479,0
28728003,0,479,0
31254427,0,482,0
28263090,0,482,0
32549311,0,482,0
29954707,0,482,0
30528703,0,482,0
29539413,0,485,0
29621712,0,485,0
29563458,0,486,0
28842674,0,487,0
32820969,0,488,0
32034929,0,487,0
30371547,0,489,0
123158068,1,1194,32
115686013,1,1196,0
116618785,1,1200,0
108107853,1,1204,0
108424918,1,1204,0
112335976,1,1206,0
101657956,1,1206,0
111121590,2,1208,0
106823041,2,1208,0
114473481,2,1208,0
119469507,2,1215,0
125705961,2,1219,0
127947012,2,1219,0
120476174,2,1219,0
122300339,2,1221,0
110462548,2,1224,0
110952330,2,1223,0
13095686,0,165,0
13252791,0,165,0
14908064,0,165,0
11966263,0,165,0
11173386,0,165,0
8725400,0,165,0
8619841,0,165,0
13360503,0,164,0
13984630,0,164,0
14630564,0,164,0
13656469,0,165,0
14997464,0,166,0
18584653,0,166,0
16557850,0,166,0
11853475,0,167,0
12370228,0,167,0
9390440,0,169,0
26948667,1,362,0
25825985,1,362,0
26229482,1,362,0
25858371,1,362,0
24422935,1,363,0
25532280,1,364,0
23535305,1,362,0
25477712,1,361,0
24445353,1,361,0
26186937,1,361,0
26433939,1,361,0
27350601,1,361,0
27290490,1,365,0
26067970,1,364,0
26960348,1,366,0
25306814,1,366,0
25344956,1,365,0
1947900,0,56,0
1821083,0,56,0
1806908,0,56,0
1688115,0,56,0
1740357,0,56,0
1651133,0,56,0
1413157,0,56,0
1576742,0,56,0
1503588,0,56,0
1540356,0,56,0
1542139,0,57,0
1632602,0,57,0
1777766,0,57,0
1634634,0,57,0
1697718,0,57,0
1582578,0,58,0
1622099,0,58,0
1610952,0,87,0
2116448,0,87,0
2508994,0,87,0
2336369,0,86,0
2297375,0,86,0
2316085,0,85,0
2103604,0,85,0
2191765,0,85,0
1929853,0,85,0
1815193,0,85,0
2120785,0,84,0
2242659,0,85,0
1563091,0,86,0
2164888,0,86,0
2429350,0,86,0
2203125,0,86,0
2286803,0,87,0
1226206,0,26,0
1673593,0,26,0
1767333,0,26,0
1514791,0,26,0
1174664,0,27,0
1696394,0,27,0
1417358,0,27,0
1871779,0,27,0
1755476,0,27,0
1731106,0,27,0
1671051,0,28,0
1667557,0,28,0
1451485,0,28,0
1928851,0,28,0
1889783,0,28,0
1884304,0,28,0
1696832,0,28,0
698755,0,42,0
553056,0,42,0
534162,0,42,0
528190,0,42,0
558201,0,42,0
569060,0,42,0
484788,0,42,0
518067,0,42,0
491499,0,42,0
502706,0,42,0
546461,0,42,0
656491,0,42,0
685642,0,42,0
567564,0,42,0
538900,0,42,0
500411,0,42,0
543672,0,42,0
7501261,0,168,0
7364439,0,169,0
7616339,0,170,0
7432813,0,170,0
7606790,0,170,0
7471063,0,171,0
6744997,0,171,0
7243280,0,171,0
6665089,0,171,0
6937080,0,171,0
6935850,0,170,0
7138835,0,170,0
7514979,0,170,0
7383727,0,170,0
7776810,0,170,0
7448592,0,170,0
7384743,0,170,0
75794291,0,283,8
86441273,0,283,0
94637897,0,284,0
93940003,0,284,0
69546100,0,284,0
88379014,0,284,0
85031451,0,285,0
95710829,0,285,0
86511849,0,285,0
89929655,0,285,0
87688022,0,285,0
93834402,0,285,0
55599914,0,285,0
91790540,0,285,0
96418836,0,286,0
96443431,0,286,0
86618973,0,286,0
6059421,0,67,0
9189009,0,67,0
9277971,0,67,0
9578410,0,67,0
7767192,0,66,0
10324729,0,66,0
10216710,0,67,0
11073751,0,67,0
9323322,0,67,0
10293436,0,67,0
10540211,0,67,0
10791906,0,68,0
3989036,0,69,0
10633171,0,69,0
9284790,0,69,0
9172233,0,69,0
7589670,0,69,0
155369,0,7,0
121204,0,7,0
118179,0,7,0
115495,0,7,0
147310,0,6,0
147958,0,6,0
125853,0,6,0
142364,0,6,0
136133,0,6,0
89838,0,6,0
93905,0,6,0
108701,0,6,0
118415,0,6,0
94701,0,6,0
94750,0,6,0
91112,0,6,0
116516,0,6,0
3584589,0,117,0
3598687,0,117,0
3896857,0,117,0
3818484,0,117,0
3658739,0,117,0
4024540,0,117,0
3623194,0,117,0
3844523,0,117,0
3430626,0,116,0
3542147,0,116,0
3443942,0,117,0
3441315,0,118,0
3201533,0,118,0
3205750,0,118,0
3625160,0,118,0
3683018,0,119,0
3488596,0,118,0
36717731,0,210,0
37316943,0,210,0
38711803,0,210,0
37710889,0,210,0
37013511,0,210,0
39303239,0,210,0
34414488,0,210,0
39337529,0,210,0
39079306,0,210,0
40047692,0,210,0
39852532,0,211,0
39408870,0,211,0
36128218,0,210,0
34023157,0,210,0
33700102,0,210,0
32380407,0,210,0
31781858,0,209,0
245354,0,10,0
207841,0,10,0
188511,0,10,0
157932,0,10,0
151671,0,10,0
157690,0,10,0
152559,0,10,0
171441,0,10,0
188741,0,10,0
214192,0,10,0
198100,0,10,0
242678,0,10,0
228554,0,10,0
188771,0,10,0
189065,0,10,0
163071,0,10,0
164553,0,10,0
23627247,0,251,0
23155188,0,249,0
22630281,0,250,0
22081633,0,250,0
22103305,0,250,0
22734306,0,251,0
19863482,0,251,0
21627487,0,251,0
20194646,0,251,0
22336339,0,251,0
22719200,0,255,0
23590026,0,255,0
22603175,0,255,0
22228978,0,255,0
22889322,0,256,0
21350811,0,256,0
21183847,0,256,0
781360,0,25,0
671095,0,25,0
826415,0,25,0
749961,0,25,0
639235,0,25,0
692147,0,25,0
569875,0,25,0
697551,0,25,0
607470,0,25,0
773097,0,25,0
796099,0,25,0
798187,0,25,0
667832,0,24,0
617097,0,24,0
618023,0,24,0
566977,0,24,0
542895,0,24,0
5193364,0,72,0
5309710,0,72,0
4940387,0,73,0
4981447,0,73,0
4778804,0,73,0
4564562,0,73,0
3957555,0,74,0
4849643,0,74,0
4084530,0,74,0
4896950,0,74,0
5018399,0,74,0
4924026,0,74,0
3850885,0,74,0
3913940,0,74,0
4162038,0,74,0
4429113,0,74,0
3971839,0,74,0
251281,0,17,0
269916,0,17,0
251809,0,17,0
237632,0,17,0
243891,0,17,0
227331,0,17,0
228329,0,17,0
244616,0,17,0
213873,0,17,0
220184,0,17,0
211038,0,17,0
249516,0,17,0
247700,0,17,0
267456,0,17,0
250938,0,17,0
244492,0,17,0
241077,0,17,0
27655,0,5,0
44193,0,5,0
34598,0,5,0
18234,0,5,0
22031,0,5,0
23096,0,5,0
20183,0,5,0
21278,0,6,0
18329,0,6,0
17108,0,6,0
17044,0,6,0
18740,0,6,0
27703,0,6,0
41112,0,6,0
30783,0,6,0
18766,0,6,0
19727,0,6,0
3053986,0,44,0
2999440,0,44,0
3192762,0,44,0
3146565,0,44,0
3082386,0,44,0
3133037,0,44,0
2801774,0,44,0
3187387,0,44,0
2822998,0,44,0
2871429,0,44,0
2630976,0,45,0
2434193,0,46,0
2423811,0,46,0
2548786,0,46,0
3011102,0,46,0
2976798,0,46,0
3056162,0,46,0
357390,0,22,0
324688,0,22,0
341009,0,22,0
322378,0,22,0
319846,0,22,0
340438,0,22,0
318136,0,22,0
326780,0,22,0
289833,0,22,0
285719,0,22,0
291438,0,22,0
298686,0,22,0
341289,0,22,0
325301,0,22,0
355343,0,22,0
363230,0,22,0
401979,0,22,0
1276801,0,47,0
1033218,0,47,0
1048063,0,47,0
1115224,0,47,0
1183896,0,47,0
1163642,0,47,0
1003405,0,47,0
996370,0,47,0
884783,0,47,0
946450,0,47,0
1037809,0,47,0
1138688,0,47,0
1152473,0,47,0
1009001,0,48,0
1066538,0,48,0
1103708,0,48,0
1188932,0,48,0
222325,0,17,0
178728,0,17,0
343478,0,17,0
343515,0,18,0
277818,0,18,0
182577,0,18,0
156302,0,18,0
203199,0,18,0
283657,0,18,0
340127,0,18,0
296912,0,18,0
334025,0,18,0
373634,0,18,0
350080,0,18,0
353398,0,19,0
222843,0,19,0
223176,0,19,0
777048,0,36,0
937581,0,36,0
1105611,0,36,0
1009812,0,36,0
979675,0,36,0
886863,0,37,0
741414,0,37,0
782430,0,36,0
666298,0,36,0
637646,0,36,0
597478,0,36,0
555764,0,36,0
620621,0,36,0
936816,0,37,0
1006838,0,36,0
906231,0,36,0
841188,0,36,0
1588766,0,41,0
1460741,0,41,0
1481675,0,41,0
1389711,0,42,0
1462513,0,42,0
1397832,0,42,0
1251710,0,42,0
1628307,0,43,0
1601202,0,43,0
1759667,0,43,0
1835060,0,43,0
1893095,0,42,0
1853126,0,42,0
1715906,0,42,0
1956063,0,42,0
1892738,0,42,0
1952982,0,42,0
890154,0,20,0
763888,0,20,0
723433,0,20,0
603037,0,20,0
548994,0,20,0
529986,0,19,0
478203,0,19,0
592775,0,19,0
632652,0,19,0
679933,0,19,0
780829,0,19,0
887199,0,19,0
936287,0,19,0
768920,0,19,0
692268,0,19,0
504456,0,19,0
461149,0,19,0
304285,0,22,0
294871,0,22,0
291998,0,22,0
291986,0,21,0
278007,0,21,0
333208,0,21,0
309072,0,21,0
319272,0,21,0
274203,0,21,0
299732,0,21,0
308935,0,21,0
340636,0,22,0
311310,0,22,0
286034,0,22,0
280001,0,22,0
282776,0,22,0
294959,0,22,0
287023,0,14,0
254733,0,14,0
329355,0,14,0
371805,0,14,0
333578,0,14,0
356597,0,14,0
270536,0,14,0
275360,0,14,0
308189,0,14,0
311233,0,14,0
273030,0,14,0
153822,0,14,0
159781,0,14,0
197322,0,15,0
347926,0,15,0
407681,0,15,0
366791,0,15,0
504748,0,36,0
404740,0,36,0
429186,0,36,0
375502,0,36,0
415036,0,36,0
414324,0,36,0
378273,0,36,0
387995,0,36,0
370275,0,36,0
377751,0,36,0
408387,0,36,0
438195,0,36,0
431222,0,36,0
371784,0,36,0
364113,0,36,0
368231,0,36,0
397713,0,36,0
2363356,0,89,0
2337034,0,87,0
2297107,0,87,0
2139221,0,87,0
1955636,0,87,0
2296473,0,87,0
2128471,0,87,0
2353022,0,87,0
2255777,0,87,0
2434601,0,87,0
2400773,0,87,0
2598890,0,87,0
2253651,0,87,0
2274509,0,87,0
2179475,0,87,0
2160831,0,87,0
1824419,0,87,0
569810,0,34,0
554838,0,34,0
592675,0,34,0
585404,0,34,0
630114,0,34,0
628908,0,34,0
552906,0,34,0
632242,0,34,0
586913,0,34,0
593065,0,34,0
580833,0,35,0
629518,0,35,0
636175,0,35,0
646981,0,36,0
695469,0,36,0
703939,0,36,0
704974,0,36,0
7821449,0,152,0
7420922,0,153,0
7182421,0,153,0
6903428,1,153,0
6948105,1,152,0
7038186,1,151,0
6249450,1,153,0
6864789,1,151,0
6165243,1,151,0
6845852,1,151,0
7254575,1,152,0
7773517,1,152,0
8414889,1,152,0
7635414,1,152,0
7402149,1,153,0
6937894,1,153,0
7002943,2,153,0
1507617,0,45,0
1603884,0,45,0
1720938,0,45,0
1640586,0,45,0
1366288,0,45,0
1595477,0,45,0
1635953,0,45,0
1726321,0,45,0
1590313,0,45,0
1756444,0,45,0
1764108,0,45,0
1579823,0,45,0
1456781,0,45,0
1721074,0,47,0
1902676,0,48,0
1843786,0,48,0
1519182,0,48,0
1781780,0,36,0
1328189,0,36,0
513687,0,36,0
224419,0,36,0
222864,0,36,0
239017,0,36,0
217661,0,36,0
259316,0,36,0
287485,0,36,0
327714,0,36,0
434314,0,36,0
1235935,0,36,0
2025869,0,36,0
1410249,0,36,0
510226,0,36,0
189803,0,36,0
196295,0,36,0
2530041,0,40,0
2938514,0,40,0
2349017,0,40,0
2135178,0,40,0
2041098,0,40,0
2265296,0,40,0
1883665,0,40,0
2016065,0,40,0
2530198,0,41,0
2738395,0,41,0
2607098,0,42,0
3067832,0,42,0
2620824,0,42,0
3178533,0,42,0
3225213,0,42,0
3394183,0,42,0
3621554,0,42,0
3041148,0,76,0
2116584,0,76,0
1899142,0,76,0
1856037,0,76,0
1810362,0,76,0
1282281,0,76,0
1035298,0,75,0
1353547,0,75,0
1836167,0,75,0
2217199,0,75,0
2096141,0,75,0
2452725,0,74,0
2518873,0,74,0
2082453,0,74,0
1992439,0,74,0
1919466,0,74,0
1939834,0,74,0
325829,0,18,0
240484,0,18,0
178803,0,18,0
73547,0,18,0
71097,0,18,0
77218,0,18,0
71300,0,18,0
113002,0,18,0
177592,0,18,0
224192,0,18,0
291165,0,18,0
442365,0,17,0
407193,0,17,0
196035,0,17,0
139950,0,17,0
78096,0,17,0
88759,0,17,0
723446,0,20,0
878752,0,20,0
974595,0,20,0
971371,0,20,0
852225,0,20,0
1071593,0,20,0
904491,0,20,0
1014756,0,20,0
903824,0,20,0
998056,0,20,0
961788,0,20,0
891805,0,20,0
816934,0,20,0
950978,0,20,0
1072005,0,20,0
1051896,0,20,0
1015880,0,21,0
137785,0,14,0
167281,0,14,0
155866,0,14,0
170234,0,14,0
161235,0,14,0
207344,0,14,0
196541,0,14,0
184910,0,14,0
137138,0,14,0
140667,0,14,0
133849,0,14,0
145722,0,14,0
129986,0,14,0
148413,0,14,0
155524,0,14,0
167450,0,14,0
149571,0,14,0
79691,0,35,0
62464,0,35,0
59490,0,35,0
60720,0,35,0
65024,0,35,0
70863,0,35,0
65172,0,35,0
66342,0,35,0
63478,0,35,0
65778,0,35,0
70181,0,35,0
84577,0,35,0
81419,0,35,0
70534,0,35,0
68250,0,35,0
66662,0,35,0
85378,0,35,0
67273,0,16,0
74193,0,16,0
76323,0,16,0
72965,0,16,0
83700,0,16,0
88742,0,16,0
75560,0,16,0
69040,0,16,0
56254,0,16,0
57630,0,16,0
62839,0,16,0
62263,0,16,0
79770,0,16,0
80270,0,16,0
72028,0,16,0
76892,0,16,0
84659,0,16,0
2946881,0,36,0
2620359,0,36,0
3587588,0,35,0
3516892,0,35,0
3011815,0,35,0
3438071,0,35,0
2887497,0,35,0
3736896,0,35,0
2674559,0,35,0
3405668,0,35,0
3222436,0,35,0
3536303,0,35,0
2508363,0,35,0
2789775,0,35,0
3235193,0,35,0
2383986,0,35,0
2577154,0,35,0
8207732,0,47,0
11946702,0,47,0
12394644,0,47,0
12017251,0,47,0
10440853,0,47,0
12980013,0,47,0
13225843,0,47,0
15346115,0,47,0
11548842,0,47,0
14679319,0,47,0
11998356,0,47,0
14443532,0,48,0
7718926,0,48,0
12530901,0,48,0
13185090,0,48,0
12517092,0,48,0
10979602,0,48,0
301620,0,28,0
275854,0,28,0
284644,0,28,0
276182,0,28,0
225675,0,28,0
258139,0,28,0
237026,0,28,0
262854,0,28,0
224267,0,28,0
244175,0,28,0
239126,0,29,0
276971,0,28,0
286576,0,28,0
258144,0,28,0
240893,0,28,0
212214,0,28,0
195607,0,28,0
2312973,0,107,0
2044623,0,107,0
1909208,0,107,0
1742842,0,107,0
1734596,0,107,0
1761679,0,108,0
1615107,0,109,0
1863344,0,109,0
2056499,0,109,0
2221694,0,109,0
2219286,0,110,0
2371409,0,110,0
2454509,0,110,0
2131448,0,110,0
1946977,0,110,0
1727858,0,110,0
1796748,0,110,0
4374044,0,72,0
4297784,0,72,0
4225825,0,72,0
4006606,0,72,0
3779406,0,72,0
4031968,0,73,0
3786674,0,74,0
4076511,0,74,0
3822436,0,74,0
4246399,0,74,0
4370479,0,74,0
4579129,0,74,0
4581066,0,74,0
4386750,0,74,0
4493228,0,74,0
4062621,0,74,0
3922131,0,75,0
23741247,0,291,8
23175306,0,291,0
22927287,0,292,0
21755478,0,293,0
21795713,0,293,0
22540737,0,293,0
20260429,0,293,0
21947043,0,293,0
20764597,0,293,0
22605338,0,293,0
23137620,0,292,0
24053797,0,292,0
24047666,0,292,0
23029976,0,293,0
23732279,0,293,0
21784367,0,293,0
21811740,0,293,0
741255,0,13,0
1552677,0,13,0
1636969,0,14,0
1590435,0,14,0
1430981,0,14,0
1442630,0,14,0
1358441,0,14,0
1415299,0,14,0
715882,0,14,0
311584,0,14,0
454976,0,14,0
1550365,0,14,0
1349330,0,14,0
1605377,0,14,0
1627666,0,14,0
1516285,0,14,0
1097240,0,14,0
2858203,0,63,0
2531712,0,63,0
2474762,0,63,0
2285078,0,63,0
2145676,0,63,0
2173999,0,63,0
2017025,0,63,0
2258350,0,63,0
2248689,0,63,0
2525883,0,63,0
2642359,0,63,0
2961374,0,63,0
3054441,0,63,0
2643209,0,63,0
2562563,0,64,0
2342757,0,64,0
2252446,0,64,0
16160264,0,236,0
20665342,0,236,0
22377828,0,235,0
21334742,0,236,0
18540529,0,236,0
23064233,0,238,0
19665821,0,238,0
22316169,0,240,0
20094021,0,240,0
22183155,0,240,0
22011526,0,241,0
20383374,0,241,0
16085591,0,241,0
19798442,0,241,0
22275512,0,242,0
22759258,0,244,0
19600290,0,245,0
2571494,0,65,0
2604218,0,65,0
2864104,0,66,0
2858504,0,66,0
2684964,0,65,0
3167913,0,65,0
2823354,0,65,0
3014986,0,65,0
2647308,0,65,0
2733674,0,65,0
2872549,0,65,0
2877554,0,66,0
2627827,0,66,0
2643035,0,66,0
3032625,0,66,0
3138911,0,67,0
2853051,0,67,0
6657352,0,101,0
7977718,0,102,0
8874337,0,103,0
8751874,0,102,0
7777312,0,102,0
7438638,0,102,0
7256025,0,102,0
8521302,0,102,0
6473364,0,102,0
7231384,0,102,0
6850625,0,102,0
7389388,0,102,0
5872918,0,102,0
7287275,0,102,0
8169106,0,102,0
9555809,0,102,0
7944237,0,102,0
2878056,0,51,0
4855252,0,51,0
5393474,0,51,0
4121124,0,51,0
3468350,0,51,0
4906724,0,51,0
4782463,0,51,0
5366165,0,51,0
4450005,0,51,0
4274986,0,51,0
5093748,0,50,0
5238576,0,50,0
2588166,0,50,0
4738352,0,50,0
4540942,0,50,0
5259351,0,50,0
3494143,0,50,0
681541,0,26,0
583240,0,26,0
574894,0,26,0
546710,0,26,0
510171,0,26,0
528008,0,26,0
487660,0,26,0
523740,0,26,0
580145,0,26,0
628745,0,26,0
559370,0,26,0
779723,0,26,0
697988,0,26,0
639400,0,26,0
655906,0,26,0
527698,0,26,0
519477,0,26,0
6136122,0,247,0
5905067,0,247,0
6538122,0,247,0
6492324,0,247,0
5973469,0,247,0
6370725,0,246,0
6310587,0,247,0
6656997,0,246,0
6166265,0,246,0
6465459,0,246,0
6226468,0,245,0
6523066,0,245,0
6202759,0,246,0
6272995,0,246,0
6995373,0,246,0
6693946,0,247,0
6331433,0,247,0
13739452,0,149,0
17838864,0,149,0
19519230,0,149,0
19589323,0,150,0
15552979,0,150,0
19359697,0,150,0
17935719,0,150,0
19333489,0,150,0
16454196,0,150,0
18488596,0,150,0
17871774,0,150,0
16755311,0,150,0
11296767,0,150,0
16558737,0,150,0
18093916,0,150,0
18106041,0,150,0
14078361,0,150,0
26164004,0,263,0
32943630,0,262,0
29643742,0,262,0
27062216,0,262,0
22677793,0,265,0
25454011,0,265,0
25258268,0,265,0
28280202,0,277,0
26174920,0,277,0
28955056,0,277,0
29747762,0,282,0
28230337,0,284,0
26942141,0,285,0
23709051,0,286,0
25829047,0,286,0
26721262,0,286,0
20344341,0,286,0
156563,0,15,0
134847,0,15,0
203819,0,15,0
137181,0,15,0
104425,0,15,0
135375,0,15,0
135122,0,15,0
177123,0,15,0
134974,0,15,0
136791,0,15,0
185189,0,15,0
126404,0,15,0
148178,0,15,0
160786,0,15,0
166013,0,15,0
136366,0,15,0
232881,0,15,0
7921582,0,208,0
9045367,0,208,0
10084038,0,207,0
10560989,0,207,0
10223945,0,208,0
11898611,0,210,0
10116027,0,210,0
10752521,0,210,0
8793564,0,210,0
8996043,0,210,0
8807719,0,209,0
8588291,0,209,0
7388261,0,209,0
8482604,0,209,0
9962688,0,209,0
10683476,0,211,0
10279508,0,212,0
538688,0,23,0
665685,0,23,0
657441,0,23,0
687063,0,23,0
572995,0,23,0
713177,0,23,0
614283,0,23,0
674053,0,23,0
549470,0,23,0
658024,0,23,0
625373,0,23,0
664354,0,23,0
509221,0,23,0
729639,0,23,0
768464,0,23,0
810133,0,23,0
681636,0,24,0
5958279,0,133,0
8929914,0,132,0
8859848,0,132,0
8812493,0,132,0
6842293,0,132,0
8793867,0,134,0
7085153,0,134,0
8339760,0,134,0
6815116,0,135,0
7644243,0,135,0
7415400,0,137,0
7781346,0,137,0
5578586,0,137,0
8122758,0,137,0
8804450,0,137,0
8733019,0,137,0
7725205,0,137,0
484940,0,13,0
406619,0,13,0
416372,0,13,0
391052,0,13,0
356851,0,13,0
365236,0,13,0
354729,0,13,0
411866,0,13,0
390189,0,13,0
378779,0,13,0
371363,0,12,0
405793,0,12,0
426725,0,12,0
365503,0,12,0
389015,0,13,0
377251,0,14,0
372477,0,14,0
1428639,0,25,0
1289459,0,25,0
1288180,0,25,0
1080130,0,25,0
784168,0,25,0
943844,0,25,0
898711,0,25,0
1172893,0,25,0
687012,0,24,0
932730,0,24,0
850338,0,25,0
929440,0,25,0
987654,0,25,0
916459,0,25,0
909172,0,25,0
944783,0,25,0
782257,0,25,0
5998095,0,130,0
5611084,0,130,0
5343982,0,130,0
5110887,0,130,0
4899217,0,130,0
5457968,0,130,0
4765752,0,129,0
5303990,0,129,0
4783094,0,129,0
5186453,0,129,0
5315431,0,128,0
5516423,0,128,0
5704670,0,128,0
5416116,0,128,0
5402333,0,128,0
5130072,0,128,0
4851390,0,128,0
239161,0,21,0
241861,0,21,0
235286,0,21,0
192795,0,21,0
197545,0,21,0
207305,0,21,0
183110,0,21,0
198910,0,21,0
193955,0,21,0
215154,0,21,0
217953,0,21,0
227344,0,21,0
242797,0,21,0
251444,0,21,0
239035,0,21,0
197527,0,21,0
196243,0,21,0
324175,0,23,0
261969,0,23,0
246395,0,23,0
227538,0,23,0
209091,0,23,0
207232,0,23,0
167731,0,23,0
191011,0,23,0
183354,0,23,0
197942,0,23,0
247801,0,23,0
254564,0,23,0
266607,0,23,0
247161,0,23,0
266698,0,23,0
239241,0,23,0
296346,0,23,0
12706,0,10,0
15195,0,10,0
21389,0,10,0
23325,0,10,0
19808,0,10,0
24085,0,10,0
22707,0,10,0
21506,0,10,0
14965,0,10,0
15974,0,10,0
13141,0,10,0
10291,0,10,0
8617,0,10,0
10196,0,10,0
14854,0,10,0
15149,0,10,0
14513,0,10,0
549694,0,21,0
556198,0,21,0
620221,0,21,0
634668,0,21,0
616110,0,21,0
633478,0,21,0
573567,0,20,0
621031,0,20,0
569314,0,20,0
598350,0,20,0
573846,0,21,0
623709,0,21,0
583469,0,21,0
582544,0,21,0
646606,0,21,0
635696,0,21,0
592638,0,21,0
3133076,0,54,0
3254189,0,54,0
3156173,0,54,0
2939485,0,54,0
2800761,0,54,0
2902862,0,54,0
2537735,0,54,0
2927798,0,54,0
2765009,0,54,0
2999395,0,54,0
3041618,0,53,0
3281958,0,53,0
3103608,0,52,0
3161580,0,52,0
3126172,0,52,0
2886802,0,52,0
2646098,0,52,0
960338,0,38,0
914607,0,39,0
911830,0,39,0
761710,0,39,0
711493,0,39,0
742042,0,39,0
729156,0,39,0
763397,0,39,0
689282,0,39,0
801478,0,39,0
840053,0,39,0
953679,0,39,0
986067,0,39,0
888220,0,39,0
831437,0,39,0
687289,0,39,0
738702,0,39,0
291939,0,44,0
339796,0,43,0
378433,0,43,0
294316,0,43,0
292479,0,43,0
319091,0,43,0
287217,0,44,0
280025,0,44,0
268941,0,44,0
281646,0,44,0
276685,0,44,0
310570,0,44,0
334896,0,44,0
395810,0,45,0
451800,0,45,0
352073,0,45,0
345176,0,45,0
11694445,0,230,0
13051900,0,230,0
13555946,0,230,0
12971263,0,231,0
11843815,0,232,0
13470409,0,232,0
12027824,0,232,0
13101698,0,232,0
12251292,0,232,0
13262554,0,232,0
12874435,0,232,0
12100825,0,232,0
11643341,0,232,0
12598223,0,233,0
13521659,0,233,0
12623794,0,233,0
11045413,0,232,0
263511,0,13,0
262494,0,13,0
264562,0,13,0
248226,0,13,0
268685,0,13,0
240427,0,12,0
276176,0,13,0
335477,0,13,0
275017,0,13,0
266054,0,13,0
259088,0,13,0
278575,0,13,0
280075,0,13,0
282174,0,13,0
297300,0,13,0
285126,0,13,0
291451,0,13,0
2266565,0,89,0
2303286,0,89,0
2306513,0,89,0
2173384,0,89,0
2050164,0,89,0
2241640,0,89,0
1993067,0,90,0
2192715,0,89,0
1957766,0,89,0
2136646,0,89,0
2269363,0,91,0
2267327,0,90,0
2335128,0,90,0
2265509,0,89,0
2373140,0,89,0
2279818,0,89,0
2127480,0,89,0
6547635,0,72,0
6460132,0,72,0
6652611,0,72,0
6355499,0,71,0
6406887,0,71,0
6288396,0,71,0
5828306,0,71,0
6337257,0,71,0
5764273,0,71,0
5964273,0,71,0
5894488,0,71,0
6069669,0,71,0
6090801,0,71,0
5955444,0,71,0
6456026,0,71,0
6224975,0,73,0
5995257,0,73,0
13619766,0,49,0
10570811,0,49,0
9714983,0,49,0
662571,0,49,0
277340,0,49,0
2348363,0,49,0
7918151,0,49,0
7665015,0,49,0
10091964,0,49,0
12975531,0,49,0
15356817,0,49,0
15865185,0,49,0
15089035,0,49,0
6862900,0,49,0
8595396,0,49,0
3147816,0,52,0
359243,0,52,0
7643218,0,118,0
6720228,0,117,0
6256911,0,117,0
5092618,0,117,0
4867495,0,117,0
4909914,0,117,0
4610701,0,117,0
5346215,0,118,0
5595082,0,118,0
6146177,0,118,0
6830991,0,118,0
7947578,0,118,0
8300743,0,118,0
6973553,0,118,0
6752819,0,118,0
5307192,0,118,0
5115933,0,117,0
39414445,1,499,0
38607081,1,501,0
38759352,1,503,0
37252703,1,504,0
38050237,1,508,0
40133204,1,509,0
35373004,1,510,0
39218999,1,511,0
36325398,1,511,0
39122119,1,511,0
39894404,1,514,0
41040805,1,514,0
40864205,1,516,0
39711826,1,517,0
41134855,1,517,0
39085637,1,517,0
39355728,1,515,0
5395592,0,157,0
7271321,0,158,0
7832824,0,158,0
7506181,0,158,0
5828982,0,156,0
7974466,0,157,0
7100736,0,157,0
8100260,0,157,0
7193558,0,157,0
7298321,0,157,0
7019182,0,156,0
7198084,0,156,0
4569958,0,156,0
6656267,0,157,0
7519437,0,157,0
8303612,0,156,0
5512546,0,157,0
599218,0,17,0
926522,0,17,0
1104221,0,18,0
840738,0,18,0
844475,0,18,0
858216,0,19,0
462271,0,19,0
446235,0,21,0
362050,0,21,0
517470,0,21,0
1036814,0,21,0
590624,0,21,0
826963,0,21,0
1309898,0,21,0
1382670,0,21,0
1421641,0,21,0
1211619,0,21,0
1155698,0,61,0
1044874,0,61,0
1164584,0,61,0
1156991,0,61,0
1146528,0,61,0
1214361,0,61,0
1069609,0,61,0
1174172,0,61,0
1051733,0,61,0
1125294,0,61,0
1233993,0,62,0
1321798,0,62,0
1209043,0,62,0
1159292,0,62,0
1295504,0,62,0
1264052,0,62,0
1219653,0,62,0
4873915,0,93,0
5715454,0,93,0
5027516,0,93,0
3896323,0,93,0
3924808,0,93,0
4200233,0,93,0
3737297,0,93,0
4033019,0,93,0
3649449,0,93,0
3915518,0,93,0
4380721,0,94,0
5483442,0,94,0
6098156,0,94,0
5976118,0,95,0
5231247,0,95,0
4981159,0,95,0
5024580,0,95,0
1051391,0,35,0
831552,0,37,0
615264,0,38,0
453919,0,38,0
421670,0,38,0
467990,0,38,0
450793,0,38,0
541122,0,38,0
631543,0,38,0
801110,0,38,0
831602,0,38,0
1079973,0,38,0
1129163,0,38,0
868408,0,38,0
654041,0,38,0
473997,0,38,0
506652,0,38,0
1286891,1,41,0
1303064,1,41,0
1069110,1,41,0
980654,1,41,0
940037,1,41,0
940845,1,41,0
846451,1,41,0
870282,1,41,0
833012,1,41,0
928530,1,41,0
990771,1,43,0
1165559,1,43,0
1401293,1,43,0
1224215,1,44,0
972001,1,44,0
924960,1,44,0
901832,1,44,0
228161,0,15,0
215247,0,15,0
214247,0,15,0
206245,0,15,0
220555,0,15,0
243927,0,15,0
217571,0,15,0
226479,0,15,0
203690,0,15,0
225901,0,15,0
238189,0,15,0
236004,0,15,0
234310,0,15,0
222288,0,15,0
239628,0,15,0
237466,0,15,0
243268,0,15,0
217436,0,23,0
208613,0,23,0
218499,0,23,0
209645,0,23,0
199805,0,23,0
250258,0,23,0
229543,0,23,0
238029,0,23,0
220140,0,23,0
1566925,0,23,0
1295522,0,24,0
1225015,0,24,0
1206541,0,24,0
1228484,0,24,0
1423617,0,24,0
1161813,0,24,0
1474602,0,24,0
12135097,0,115,0
11424148,0,115,0
10248983,0,116,0
9831921,0,116,0
9116733,0,117,0
10289968,0,117,0
9271342,0,117,0
10114640,0,117,0
9085680,0,117,0
9981468,0,117,0
9983414,0,117,0
10437668,0,118,0
11705439,0,118,0
10038807,0,118,0
10635325,0,117,0
9696707,0,118,0
8932255,0,118,0
501260,0,28,0
476342,0,28,0
420335,0,28,0
351295,0,28,0
345861,0,28,0
354333,0,28,0
298424,0,28,0
322746,0,28,0
321066,0,28,0
345638,0,28,0
353593,0,28,0
435651,0,28,0
484808,0,28,0
483984,0,28,0
433994,0,28,0
366388,0,28,0
362597,0,28,0
507094,0,33,0
455273,0,33,0
455347,0,33,0
435192,0,33,0
449646,0,33,0
437786,0,33,0
370861,0,33,0
388397,0,33,0
363262,0,33,0
375322,0,33,0
377004,0,33,0
438909,0,33,0
444654,0,33,0
403340,0,33,0
399218,0,33,0
391717,0,33,0
410323,0,33,0
2652001,0,120,0
1946452,0,120,0
1704379,0,120,0
1448689,0,119,0
1371036,0,119,0
1480306,0,119,0
1388661,0,119,0
1679596,0,119,0
2038728,0,119,0
2266672,0,119,0
2456544,0,119,0
2923352,0,119,0
2471585,0,119,0
1957989,0,119,0
1640451,0,119,0
1362620,0,119,0
1368184,0,119,0
740935,0,32,0
759585,0,32,0
828452,0,32,0
838160,0,32,0
823696,0,32,0
884395,0,32,0
803942,0,32,0
855728,0,32,0
726594,0,32,0
754873,0,32,0
804088,0,32,0
790830,0,32,0
695848,0,32,0
721172,0,32,0
775990,0,32,0
761840,0,31,0
749924,0,31,0
23129060,1,483,0
31626673,1,484,0
33989590,1,484,0
34473822,1,486,0
27232581,1,484,0
33823005,1,485,0
31956773,1,485,0
35866204,1,485,0
29938896,1,485,0
33024190,1,485,0
31327808,1,488,0
30131292,1,489,0
20059537,1,492,0
29447714,1,493,0
33091077,1,493,0
33482383,1,493,0
26475654,1,494,0
189590,0,19,0
203608,0,19,0
162989,0,19,0
158701,0,19,0
164246,0,19,0
162157,0,19,0
136829,0,19,0
138653,0,19,0
113057,0,19,0
121258,0,19,0
125028,0,19,0
143290,0,19,0
172483,0,19,0
187946,0,19,0
146714,0,19,0
128211,0,19,0
140690,0,19,0
16426789,0,271,0
15176982,0,272,0
14252947,0,272,0
13793925,0,271,0
13866009,0,273,0
13604558,0,274,0
11793819,0,276,0
13308368,0,276,0
13060842,0,276,0
14977652,0,276,0
15165264,0,277,0
15935957,0,278,0
16490504,0,278,0
14757119,0,278,0
14306748,0,293,0
14117105,0,291,0
13600342,0,291,0
4877287,0,101,0
4601819,0,101,0
4674286,0,101,0
4555235,0,101,0
5240317,0,101,0
5057055,0,102,0
4020470,0,102,0
4537861,0,102,0
4288244,0,102,0
4286177,0,102,0
4141712,0,102,0
4264112,0,102,0
4913589,0,102,0
4533459,0,102,0
4624697,0,102,0
4423521,0,102,0
4441162,0,102,0
20061602,0,236,39
23552733,0,236,39
25756994,0,235,39
25572155,0,234,39
21571872,0,234,39
24753673,0,234,39
23557405,0,234,39
26732791,0,233,39
22496935,0,232,39
24062737,0,232,39
24409896,0,233,0
24554814,0,233,0
19432062,0,233,0
23021567,0,232,0
26903924,0,232,0
25998517,0,233,0
22778125,0,233,0
76875,0,11,0
75868,0,11,0
80388,0,11,0
67597,0,11,0
79983,0,11,0
91590,0,11,0
78244,0,11,0
75399,0,11,0
67883,0,11,0
75305,0,11,0
81979,0,11,0
79224,0,11,0
82446,0,11,0
75544,0,11,0
77020,0,11,0
76183,0,11,0
82738,0,11,0
1701033,0,66,0
1708380,0,66,0
1789378,0,66,0
1848016,0,66,0
1727752,0,66,0
2001189,0,66,0
1797152,0,66,0
1872576,0,66,0
1559436,0,66,0
1730365,0,66,0
1702732,0,66,0
1586132,0,66,0
1617824,0,66,0
1678117,0,66,0
1740455,0,67,0
1780587,0,67,0
1688461,0,68,0
52436888,0,163,0
74617222,0,163,0
76806408,0,162,0
73133019,0,162,0
67131552,0,162,0
73872145,0,163,0
59852567,0,163,0
70526380,0,163,0
66918588,0,163,0
70441179,0,163,0
68242539,0,162,0
33059421,0,164,0
69192749,0,165,0
69064290,0,166,0
66910850,0,166,0
70854079,0,166,0
65187795,0,166,0
516257,0,34,0
448438,0,34,0
501737,0,34,0
555568,0,34,0
611715,0,34,0
569122,0,34,0
521249,0,34,0
517664,0,34,0
442525,0,34,0
442890,0,34,0
427111,0,34,0
457054,0,34,0
429420,0,34,0
395811,0,34,0
487537,0,34,0
502977,0,34,0
537963,0,34,0
11370218,0,110,0
6422351,0,110,0
4542570,0,110,0
2720619,0,110,0
1685269,0,110,0
1159461,0,109,0
1594043,0,109,0
4016450,0,109,0
5895586,0,109,0
6648132,0,109,0
7765064,0,113,0
11937603,0,113,0
10938043,0,113,0
5542214,0,114,0
4988462,0,114,0
3020031,0,115,0
2016656,0,115,0
1855369,0,37,0
1943764,0,37,0
2306544,0,37,0
2183304,0,37,0
2027011,0,37,0
1981146,0,37,0
2021288,0,37,0
2138774,0,37,0
1590542,0,37,0
1910666,0,37,0
1806151,0,36,0
1879684,0,36,0
1784661,0,36,0
1995125,0,36,0
2050028,0,36,0
2021782,0,35,0
2043590,0,35,0
3658030,0,82,0
3295046,0,82,0
3112075,0,82,0
2856728,0,82,0
2756395,0,82,0
2783840,0,82,0
2528197,0,82,0
2820917,0,84,0
2783888,0,84,0
3187280,0,84,0
3397251,0,84,0
3781193,0,84,0
3772337,0,84,0
3521612,0,84,0
3335730,0,84,0
2987485,0,84,0
2891641,0,84,0
57335089,0,200,0
54777429,0,200,0
80055288,0,200,0
78608397,0,200,0
79113085,0,200,0
78304112,0,199,0
71687365,0,199,0
68723126,0,198,0
78251675,0,198,0
76493664,0,198,0
78534462,0,200,0
72539423,0,200,0
74054959,0,202,0
78070314,0,202,0
81010363,0,202,0
81244906,0,202,0
80567287,0,202,0
720823,0,37,0
806261,0,37,0
890784,0,37,0
833635,0,37,0
655759,0,37,0
676083,0,37,0
664453,0,37,0
850761,0,36,0
817302,0,36,0
893093,0,36,0
855951,0,36,0
712602,0,36,0
694585,0,36,0
697059,0,36,0
789911,0,36,0
967368,0,36,0
794393,0,36,0
4728621,0,105,8
4023703,0,105,0
3635173,0,105,0
2982954,0,105,0
2990209,0,105,0
2950064,0,105,0
2775310,0,105,0
3250814,0,105,0
3589855,0,105,0
4125988,0,105,0
4458544,0,105,0
5143566,0,105,0
5077651,0,105,0
4089751,0,106,0
3573673,0,107,0
2928045,0,107,0
2825314,0,107,0
68758278,0,71,0
68516822,0,71,0
59140980,0,71,0
64083983,0,70,0
57972265,0,69,0
68154370,0,69,0
46399191,0,69,0
58541054,0,69,0
70159118,0,69,0
69103599,0,69,0
67401268,0,70,0
68420841,0,70,0
55650888,0,69,0
70238048,0,69,0
48882624,0,70,0
51763602,0,70,0
55913597,0,70,0
26326793,1,475,0
27870166,1,477,0
28539301,1,478,0
27695290,1,478,0
25481603,1,479,0
27856307,1,479,0
25643706,1,481,0
28110168,1,481,0
24934565,1,481,0
27032288,1,481,0
26588567,1,485,0
27067581,1,485,0
25249580,1,485,0
26710115,1,486,0
28453304,1,487,0
26710921,1,485,0
24435405,1,486,0
647117,0,32,0
632198,0,32,0
627531,0,32,0
603246,0,32,0
599220,0,32,0
657771,0,32,0
545525,0,32,0
581928,0,32,0
518580,0,32,0
552360,0,32,0
575763,0,32,0
573336,0,32,0
575292,0,32,0
601656,0,32,0
644508,0,32,0
630779,0,32,0
586806,0,32,0
2876761,0,46,0
2770475,0,46,0
2917289,0,46,0
2850257,0,47,0
2752150,0,47,0
2958084,0,47,0
2443297,0,47,0
2909828,0,47,0
2539428,0,47,0
3088202,0,47,0
2975791,0,47,0
3048321,0,47,0
3179606,0,48,0
3061818,0,48,0
3306590,0,48,0
3091297,0,49,0
2857278,0,49,0
632929,0,38,0
534108,0,38,0
495495,0,38,0
406037,0,38,0
398077,0,38,0
327997,0,38,0
339686,0,38,0
396407,0,38,0
539121,0,38,0
606340,0,38,0
597253,0,38,0
783902,0,38,0
748854,0,38,0
562238,0,38,0
524869,0,38,0
495466,0,38,0
485008,0,38,0
574772,0,30,0
664654,0,30,0
739907,0,30,0
641603,0,30,0
586966,0,30,0
607793,0,30,0
534212,0,30,0
544612,0,30,0
506737,0,30,0
523815,0,30,0
530307,0,30,0
528414,0,31,0
490982,0,31,0
588954,0,31,0
676729,0,31,0
618028,0,31,0
585150,0,31,0
602652,0,18,0
540249,0,18,0
565445,0,18,0
532790,0,18,0
547533,0,18,0
606102,0,18,0
536220,0,18,0
606892,0,18,0
551309,0,18,0
628199,0,18,0
647794,0,19,0
760173,0,19,0
762251,0,19,0
669589,0,19,0
669489,0,19,0
635817,0,19,0
597007,0,19,0
4181416,0,64,0
4761016,0,64,0
4812772,0,64,0
4840942,0,63,0
4226329,0,63,0
5114302,0,63,0
4467768,0,63,0
4746626,0,63,0
4200769,0,63,0
4598586,0,63,0
4759151,0,61,0
4597042,0,62,0
3957811,0,62,0
4398184,0,62,0
4749003,0,62,0
4776423,0,62,0
4042271,0,62,0
392713,0,44,0
369383,0,44,0
293303,0,44,0
215693,0,44,0
234257,0,44,0
243177,0,44,0
233021,0,44,0
223310,0,43,0
169328,0,43,0
240617,0,43,0
251079,0,42,0
394371,0,42,0
454757,0,42,0
427718,0,42,0
362617,0,42,0
258104,0,43,0
268618,0,43,0
1369240,0,45,0
1285768,0,45,0
1406555,0,45,0
1324462,0,45,0
1272229,0,45,0
1348554,0,45,0
1207649,0,45,0
1319630,0,46,0
1205512,0,46,0
1272093,0,46,0
1270077,0,46,0
1346414,0,46,0
1329005,0,46,0
1385207,0,46,0
1435853,0,46,0
1417130,0,46,0
1336921,0,46,0
408854,0,19,0
363799,0,19,0
263896,0,19,0
255510,0,19,0
261122,0,19,0
200480,0,19,0
237470,0,19,0
317337,0,20,0
322244,0,20,0
226352,0,20,0
182193,0,21,0
191574,0,21,0
234221,0,21,0
259412,0,21,0
214808,0,21,0
180035,0,21,0
213123,0,21,0
637131,0,28,0
583950,0,28,0
588102,0,28,0
530371,0,28,0
528146,0,28,0
515656,0,28,0
446725,0,28,0
479280,0,28,0
454107,0,28,0
507861,0,28,0
547756,0,28,0
528962,0,28,0
617453,0,28,0
580299,0,28,0
579176,0,28,0
554460,0,28,0
524755,0,28,0
3065720,0,62,0
2517684,0,62,0
2304774,0,62,0
1927183,0,62,0
1842226,0,62,0
1905439,0,62,0
1842881,0,62,0
1992808,0,62,0
2140039,0,62,0
2402605,0,62,0
2685578,0,62,0
3207296,0,62,0
3332998,0,62,0
2779890,0,62,0
2593457,0,62,0
2032386,0,62,0
2020254,0,62,0
137570,0,12,0
95561,0,12,0
94491,0,12,0
129633,0,12,0
170948,0,12,0
160180,0,12,0
102866,0,12,0
85649,0,12,0
72969,0,12,0
83935,0,12,0
109693,0,12,0
124965,0,12,0
134210,0,12,0
135884,0,12,0
104076,0,13,0
111704,0,13,0
106883,0,13,0
4380109,0,91,0
4297912,0,91,0
4309298,0,91,0
4178788,0,91,0
4005748,0,91,0
4113503,0,91,0
3611822,0,101,0
4037198,0,101,0
3857813,0,101,0
4040770,0,101,0
4049117,0,101,0
4080729,0,101,0
4277441,0,102,0
4304556,0,102,0
4515372,0,102,0
4030525,0,103,0
4062511,0,104,0
5464901,0,100,0
5443023,0,100,0
5540894,0,100,0
5334776,0,101,0
4917174,0,101,0
5359400,0,101,0
4827845,0,101,0
5220833,0,101,0
4812160,0,101,0
5249573,0,101,0
5371188,0,101,0
5291609,0,101,0
4959228,0,102,0
5194956,0,102,0
5467348,0,102,0
5324749,0,102,0
4719739,0,102,0
472767,0,30,0
383813,0,30,0
436096,0,30,0
336551,0,30,0
237037,0,30,0
238243,0,30,0
361241,0,30,0
525718,0,30,0
497683,0,30,0
492788,0,30,0
316508,0,30,0
498248,0,30,0
504481,0,30,0
402058,0,30,0
366472,0,30,0
309672,0,30,0
425357,0,30,0
15350537,0,123,0
15079748,0,123,0
16322272,0,123,0
15943942,0,123,0
15769488,0,123,0
15441450,0,123,0
14329815,0,123,0
16398636,0,124,0
13468545,0,124,0
15579323,0,124,0
15386606,0,123,0
15681551,0,123,0
16048525,0,123,0
15968524,0,123,0
16048866,0,123,0
13994969,0,122,0
14375506,0,122,0
12389508,0,306,0
12679215,0,306,0
12655397,0,306,0
12073142,0,306,0
11925260,0,307,0
11585051,0,306,0
10046354,0,307,0
11321281,0,307,0
9961121,0,307,0
10830223,0,307,0
11204370,0,311,0
11571165,0,311,0
11870946,0,312,0
12925660,0,312,0
13235907,0,313,0
13103840,0,313,0
12333954,0,313,0
364609,0,23,0
356825,0,23,0
404623,0,23,0
375594,0,23,0
378954,0,23,0
353907,0,23,0
289079,0,23,0
310059,0,23,0
277612,0,23,0
303085,0,23,0
309011,0,22,0
360058,0,23,0
387929,0,23,0
388612,0,23,0
435580,0,23,0
411016,0,23,0
402012,0,23,0
8707476,0,146,0
9584876,0,146,0
10102878,0,148,0
9822371,0,148,0
9015650,0,148,0
10264201,0,148,0
9063267,0,147,0
10038053,0,147,0
8901223,0,147,0
9573359,0,147,0
9519691,0,147,0
9497396,0,147,0
8638191,0,147,0
9233884,0,147,0
10010296,0,146,0
9679866,0,147,0
8658356,0,147,0
945684,0,33,0
881788,0,33,0
909369,0,33,0
923615,0,33,0
853941,0,33,0
1162265,0,33,0
942347,0,33,0
852288,0,33,0
674198,0,33,0
712057,0,33,0
786620,0,34,0
772625,0,34,0
681100,0,34,0
721903,0,34,0
820529,0,34,0
859558,0,34,0
837089,0,34,0
3324039,0,71,0
3955498,0,71,0
4295222,0,71,0
4358165,0,71,0
3809515,0,71,0
5004260,0,71,0
4626505,0,71,0
4768297,0,71,0
4270128,0,71,0
4296905,0,71,0
4223179,0,71,0
3965355,0,71,0
3414847,0,71,0
4161813,0,71,0
4641383,0,71,0
4576443,0,72,0
3913480,0,72,0
4285534,0,75,0
4794201,0,74,0
4718510,0,74,0
4715125,0,74,0
4034611,0,74,0
5239207,0,75,0
4651978,0,75,0
5205399,0,74,0
4513271,0,74,0
4921449,0,74,0
4747777,0,73,0
5158751,0,73,0
4030635,0,73,0
4846840,0,73,0
5170612,0,75,0
5209474,0,75,0
4347367,0,75,0
1841418,0,51,0
1955336,0,51,0
2012849,0,51,0
1987349,0,51,0
1870783,0,51,0
2083190,0,51,0
1903397,0,51,0
2052250,0,51,0
1827007,0,51,0
2056042,0,51,0
2066012,0,51,0
2042319,0,51,0
1777067,0,51,0
2071737,0,51,0
2195585,0,51,0
2069979,0,51,0
1786548,0,51,0
6802721,0,157,0
7126851,0,157,0
7456411,0,157,0
7420454,0,158,0
7165461,0,160,0
7912920,0,160,0
7034901,0,160,0
7608022,0,160,0
6963399,0,160,0
7344825,0,160,0
7470523,0,161,0
7580450,0,160,0
7024588,0,160,0
7472884,0,159,0
7938044,0,159,0
7767066,0,159,0
7177446,0,159,0
432779,0,46,0
355108,0,45,0
462588,0,46,0
577271,0,46,0
639808,0,46,0
586844,0,46,0
509074,0,46,0
512123,0,46,0
417684,0,46,0
401447,0,46,0
407277,0,47,0
478139,0,47,0
485986,0,47,0
428180,0,47,0
482853,0,47,0
610712,0,47,0
714367,0,47,0
1570508,0,56,0
1936100,0,56,0
1967988,0,56,0
1857554,0,56,0
1516918,0,56,0
1947707,0,55,0
1744507,0,55,0
1934572,0,55,0
1710576,0,55,0
1865038,0,55,0
1943751,0,55,0
1885073,0,55,0
1640198,0,56,0
2016316,0,56,0
2016451,0,56,0
2081775,0,56,0
1709678,0,56,0
466868,0,29,0
384578,0,30,0
326750,0,30,0
270545,0,30,0
262011,0,30,0
290937,0,31,0
281039,0,31,0
318305,0,31,0
373012,0,31,0
392256,0,31,0
417674,0,34,0
502682,0,34,0
562657,0,34,0
484099,0,34,0
407743,0,34,0
288904,0,34,0
296407,0,34,0
31660362,0,160,0
33064401,0,160,0
35625944,0,160,0
34864085,0,160,0
32436756,0,160,0
35098860,0,160,0
33100427,0,160,0
36493721,0,161,0
34591422,0,161,0
28463125,0,161,0
36595609,0,163,0
36737185,0,162,0
35384469,0,162,0
23645314,0,162,0
23427894,0,163,0
35078424,0,163,0
33285619,0,163,0
6407130,0,61,0
3513895,0,61,0
2651975,0,62,0
637697,0,62,0
506951,0,62,0
379144,0,62,0
1080364,0,62,0
1405060,0,62,0
3592174,0,62,0
4335474,0,62,0
4737853,0,61,0
6581594,0,61,0
5945309,0,61,0
2609528,0,61,0
2588631,0,61,0
725360,0,61,0
612795,0,61,0
1945396,0,38,0
1193777,0,38,0
1893044,0,38,0
1446397,0,38,0
1413188,0,38,0
1472402,0,38,0
1421090,0,38,0
1569608,0,38,0
1517952,0,38,0
1526895,0,38,0
1803308,0,38,0
2146497,0,38,0
2298658,0,38,0
2023668,0,38,0
1700127,0,38,0
1763938,0,38,0
1907420,0,39,0
194059,0,18,0
171218,0,18,0
162917,0,18,0
158342,0,18,0
180824,0,18,0
196001,0,20,0
177415,0,20,0
195115,0,20,0
158488,0,20,0
165340,0,20,0
178502,0,20,0
193789,0,21,0
209431,0,21,0
194716,0,21,0
185479,0,21,0
185917,0,21,0
191273,0,21,0
56882869,1,289,0
48058359,1,289,0
53347334,1,288,0
54996489,1,288,0
55379062,1,288,0
46102305,1,288,0
45227944,1,289,0
56235558,1,288,0
50383135,1,288,0
53569392,1,288,0
51027062,1,289,0
52295551,1,288,0
50535792,1,289,0
49011262,1,289,0
54047193,1,289,0
46373166,1,290,0
48595167,1,290,0
487161,0,26,0
404944,0,26,0
387014,0,26,0
441804,0,27,0
489894,0,27,0
546511,0,27,0
485861,0,27,0
445022,0,29,0
367928,0,29,0
420809,0,29,0
460567,0,29,0
511590,0,29,0
499008,0,29,0
437883,0,29,0
459699,0,29,0
502694,0,29,0
545089,0,29,0
2752457,0,43,0
3030936,0,43,0
3188186,0,43,0
3085724,0,43,0
2784206,0,43,0
3405739,0,43,0
2996596,0,43,0
3268019,0,43,0
2870063,0,43,0
3102209,0,43,0
3045623,0,43,0
2965478,0,43,0
2513421,0,43,0
3052919,0,43,0
3269314,0,43,0
3227960,0,44,0
2827544,0,44,0
42986406,1,489,75
54785127,1,489,75
56914246,1,490,75
55442019,1,491,75
46267207,1,491,75
57438528,1,491,75
52445080,1,489,75
58425987,1,489,75
51036675,1,489,75
56510667,1,489,75
53440958,1,489,0
56654909,1,489,0
42060987,1,488,0
53904400,1,487,0
57712990,1,487,0
56288854,1,485,0
46153034,1,484,0
655000,0,43,0
512718,0,43,0
427698,0,43,0
370754,0,43,0
426707,0,43,0
403381,0,43,0
384277,0,43,0
368076,0,43,0
360071,0,43,0
385315,0,43,0
348223,0,43,0
522714,0,43,0
625886,0,43,0
538231,0,43,0
433837,0,43,0
389905,0,43,0
403204,0,43,0
44063042,0,461,0
45634348,0,460,0
45778078,0,462,0
44085131,0,463,0
42545530,0,463,0
46494207,0,463,0
41607985,0,464,0
45548997,0,465,0
41891588,0,465,0
45014169,0,465,0
44822589,0,466,0
46385820,0,466,0
43468693,0,466,0
45042644,0,465,0
46753274,0,465,0
45019550,0,465,0
43099296,0,465,0
152332,0,22,0
133744,0,22,0
152505,0,22,0
146851,0,22,0
156248,0,22,0
178493,0,22,0
165652,0,22,0
168324,0,22,0
146635,0,22,0
124818,0,22,0
107540,0,22,0
134576,0,22,0
135923,0,22,0
136025,0,22,0
137328,0,22,0
160955,0,22,0
173326,0,22,0
681214,0,15,0
739758,0,15,0
893466,0,15,0
840531,0,15,0
737402,0,15,0
826228,0,15,0
741107,0,15,0
830730,0,15,0
730357,0,15,0
793024,0,15,0
722707,0,15,0
752056,0,15,0
582368,0,16,0
826994,0,16,0
862594,0,16,0
844077,0,16,0
740434,0,16,0
2342994,0,75,0
2289480,0,75,0
2403490,0,75,0
2218371,0,75,0
2054301,0,75,0
2420024,0,75,0
1981610,0,75,0
2101325,0,75,0
2016546,0,75,0
1356900,0,75,0
1409385,0,73,0
1391032,0,74,0
1309277,0,74,0
1334318,0,74,0
1447338,0,74,0
1445112,0,74,0
1305997,0,75,0
5813405,0,114,8
5320756,0,114,0
5317064,0,114,0
4988807,0,114,0
5041783,0,113,0
5676211,0,113,0
5109562,0,114,0
5204526,0,114,0
4792344,0,114,0
4334255,0,114,0
4610623,0,113,0
5097138,0,113,0
5405940,0,113,0
4949581,0,113,0
4792894,0,112,0
4595561,0,112,0
5149630,0,113,0
2219758,0,40,0
1853487,0,40,0
1674891,0,40,0
1404671,0,40,0
1392477,0,40,0
1419503,0,40,0
1311397,0,40,0
1480955,0,40,0
1542462,0,40,0
1716363,0,40,0
1871775,0,40,0
2244412,0,40,0
2333684,0,40,0
1899091,0,40,0
1722320,0,39,0
1459896,0,39,0
1461759,0,39,0
2158533,0,80,0
2075094,0,81,0
2588659,0,81,0
2549681,0,81,0
2549654,0,82,0
2786925,0,84,0
2438104,0,84,0
2589750,0,84,0
2342263,0,84,0
2399107,0,84,0
2382035,0,85,0
2194748,0,86,0
1932489,0,86,0
1793815,0,85,0
2430992,0,84,0
2568570,0,84,0
2468824,0,84,0
1292959,0,95,0
1320473,0,94,0
1465781,0,94,0
1406879,0,93,0
1434498,0,94,0
1677984,0,93,0
1500737,0,93,0
1565273,0,93,0
1447596,0,93,0
1563852,0,93,0
1532229,0,93,0
1524399,0,93,0
1269707,0,93,0
1295749,0,95,0
1483337,0,95,0
1470390,0,95,0
1306902,0,98,0
213140,0,14,0
172449,0,14,0
165609,0,14,0
172088,0,14,0
188806,0,14,0
206512,0,14,0
181706,0,14,0
183411,0,14,0
171966,0,14,0
174245,0,14,0
164317,0,14,0
192150,0,14,0
186717,0,14,0
145236,0,14,0
152185,0,14,0
155611,0,14,0
165410,0,14,0
620492,0,30,0
560274,0,30,0
577775,0,30,0
493242,0,30,0
495653,0,30,0
462702,0,30,0
448644,0,30,0
488009,0,30,0
498639,0,30,0
512817,0,30,0
534210,0,30,0
551544,0,30,0
597129,0,30,0
554310,0,30,0
577926,0,30,0
500630,0,30,0
533158,0,30,0
14778363,0,175,0
15516489,0,175,0
15746868,0,175,0
15218106,0,174,0
14491580,0,176,0
15572153,0,177,0
13819148,0,177,0
15463382,0,177,0
14509606,0,177,0
16089625,0,177,0
16240856,0,179,0
16857564,0,180,0
16029643,0,181,0
16856393,0,181,0
17769419,0,181,0
17019210,0,181,0
16157886,0,181,0
0,0,0,0
0,0,0,0
0,0,0,0
0,0,0,0
0,0,0,0
0,0,0,0
0,0,0,0
0,0,0,0
0,0,0,0
0,0,0,0
0,0,0,0
0,0,0,0
0,0,0,0
0,0,0,0
0,0,0,0
0,0,0,0
0,0,0,0
62062,0,20,0
47475,0,20,0
42450,0,20,0
57730,0,20,0
52862,0,20,0
46831,0,20,0
45275,0,20,0
44554,0,20,0
32292,0,20,0
25906,0,20,0
20988,0,20,0
24082,0,20,0
28146,0,20,0
23659,0,20,0
24095,0,20,0
33005,0,20,0
39969,0,20,0
11593051,0,237,8
10470708,0,238,0
10690014,0,238,0
10423107,0,238,0
10521387,0,239,0
11526920,0,239,0
10207035,0,238,0
10681247,0,238,0
9850116,0,238,0
10455847,0,238,0
10751182,0,237,0
11501717,0,237,0
11549475,0,238,0
11009155,0,239,0
11560371,0,239,0
11129431,0,240,0
11372020,0,240,0
2520598,1,86,0
3064011,1,86,0
3298916,1,86,0
3349747,1,86,0
2776126,1,86,0
3442645,1,86,0
3044017,1,86,0
3429288,1,86,0
2713997,1,86,0
3063325,1,86,0
2961077,1,88,0
3114230,1,88,0
2304719,1,87,0
2858416,1,87,0
3138060,1,87,0
3222265,1,86,0
2902311,1,86,0
469330,0,45,0
561592,0,45,0
580410,0,46,0
624758,0,47,0
588946,0,48,0
668705,0,48,0
578952,0,48,0
607060,0,48,0
514379,0,48,0
561225,0,48,0
591802,0,47,0
608100,0,47,0
511040,0,47,0
608916,0,48,0
655620,0,48,0
686184,0,48,0
672783,0,48,0
11998541,0,317,33
16470934,0,318,25
18276409,0,317,25
18307382,0,318,25
15060076,0,318,25
19040676,0,318,25
17037897,0,318,25
17234866,0,318,25
15813976,0,318,25
17325648,0,318,25
17034751,0,320,0
15863831,0,319,0
10975881,0,319,0
15259910,0,320,0
17887577,0,320,0
17759223,0,320,0
15114088,0,320,0
14002435,0,205,0
12714964,0,207,0
12159539,0,207,0
11287250,0,207,0
10325213,0,207,0
11156355,0,208,0
10313154,0,207,0
11310986,0,207,0
11168689,0,207,0
12506787,0,207,0
13299620,0,213,0
14548785,0,215,0
14096067,0,216,0
12558974,0,216,0
12499868,0,216,0
11155250,0,218,0
10615243,0,219,0
9028777,0,138,0
11759524,0,139,0
12028066,0,138,0
11571696,0,137,0
10146222,0,138,0
11005230,0,138,0
10286944,0,139,0
11883843,0,139,0
10762853,0,139,0
12003962,0,139,0
10981400,0,140,0
10870672,0,141,0
8960816,0,141,0
11813613,0,141,0
12489363,0,141,0
11941818,0,141,0
10200367,0,141,0
2442712,0,64,0
2369112,0,64,0
2433893,0,64,0
2343303,0,64,0
2315218,0,64,0
2022187,0,64,0
1850257,0,64,0
1937668,0,64,0
1806355,0,64,0
1864687,0,64,0
1907825,0,65,0
2066721,0,65,0
2392605,0,65,0
2362739,0,65,0
2434894,0,65,0
2287322,0,66,0
2324876,0,66,0
